id,firstname,lastname,email,email2,profession
100,Tori,Hanshaw,Tori.Hanshaw@yopmail.com,Tori.Hanshaw@gmail.com,doctor
101,Trudie,Meli,Trudie.Meli@yopmail.com,Trudie.Meli@gmail.com,worker
102,Marleah,Leifeste,Marleah.Leifeste@yopmail.com,Marleah.Leifeste@gmail.com,developer
103,Harrietta,Marijo,Harrietta.Marijo@yopmail.com,Harrietta.Marijo@gmail.com,doctor
104,Kellen,Nelsen,Kellen.Nelsen@yopmail.com,Kellen.Nelsen@gmail.com,doctor
105,Tera,Amethist,Tera.Amethist@yopmail.com,Tera.Amethist@gmail.com,police officer
106,Corina,Francyne,Corina.Francyne@yopmail.com,Corina.Francyne@gmail.com,firefighter
107,Veda,Kress,Veda.Kress@yopmail.com,Veda.Kress@gmail.com,worker
108,Ethel,Anderea,Ethel.Anderea@yopmail.com,Ethel.Anderea@gmail.com,doctor
109,Yolane,Yuille,Yolane.Yuille@yopmail.com,Yolane.Yuille@gmail.com,doctor
110,Blinni,Soneson,Blinni.Soneson@yopmail.com,Blinni.Soneson@gmail.com,worker
111,Caritta,Ahab,Caritta.Ahab@yopmail.com,Caritta.Ahab@gmail.com,developer
112,Renie,Thomasina,Renie.Thomasina@yopmail.com,Renie.Thomasina@gmail.com,doctor
113,Amalie,Sheng,Amalie.Sheng@yopmail.com,Amalie.Sheng@gmail.com,police officer
114,Dyann,Roxanna,Dyann.Roxanna@yopmail.com,Dyann.Roxanna@gmail.com,developer
115,Priscilla,Stilwell,Priscilla.Stilwell@yopmail.com,Priscilla.Stilwell@gmail.com,police officer
116,Zondra,Lacombe,Zondra.Lacombe@yopmail.com,Zondra.Lacombe@gmail.com,worker
117,Sidoney,Pond,Sidoney.Pond@yopmail.com,Sidoney.Pond@gmail.com,doctor
118,Suzette,Ariella,Suzette.Ariella@yopmail.com,Suzette.Ariella@gmail.com,developer
119,Ofilia,Catie,Ofilia.Catie@yopmail.com,Ofilia.Catie@gmail.com,doctor
120,Marylou,Rocray,Marylou.Rocray@yopmail.com,Marylou.Rocray@gmail.com,worker
121,Estell,Mandler,Estell.Mandler@yopmail.com,Estell.Mandler@gmail.com,police officer
122,Merci,Jenness,Merci.Jenness@yopmail.com,Merci.Jenness@gmail.com,police officer
123,Marline,Freddi,Marline.Freddi@yopmail.com,Marline.Freddi@gmail.com,police officer
124,Max,Keily,Max.Keily@yopmail.com,Max.Keily@gmail.com,police officer
125,Alia,Ehrman,Alia.Ehrman@yopmail.com,Alia.Ehrman@gmail.com,police officer
126,Renae,Justinn,Renae.Justinn@yopmail.com,Renae.Justinn@gmail.com,developer
127,Kial,Danby,Kial.Danby@yopmail.com,Kial.Danby@gmail.com,police officer
128,Darlleen,Mathilde,Darlleen.Mathilde@yopmail.com,Darlleen.Mathilde@gmail.com,doctor
129,Nicoli,Rustice,Nicoli.Rustice@yopmail.com,Nicoli.Rustice@gmail.com,developer
130,Lynnea,Leary,Lynnea.Leary@yopmail.com,Lynnea.Leary@gmail.com,firefighter
131,Codie,Rosalba,Codie.Rosalba@yopmail.com,Codie.Rosalba@gmail.com,firefighter
132,Charmaine,Mott,Charmaine.Mott@yopmail.com,Charmaine.Mott@gmail.com,police officer
133,Dorthy,Reidar,Dorthy.Reidar@yopmail.com,Dorthy.Reidar@gmail.com,developer
134,Lucille,Cullin,Lucille.Cullin@yopmail.com,Lucille.Cullin@gmail.com,doctor
135,Demetris,Genna,Demetris.Genna@yopmail.com,Demetris.Genna@gmail.com,worker
136,Angelique,Flyn,Angelique.Flyn@yopmail.com,Angelique.Flyn@gmail.com,worker
137,Consuela,Donoghue,Consuela.Donoghue@yopmail.com,Consuela.Donoghue@gmail.com,doctor
138,Marline,Decato,Marline.Decato@yopmail.com,Marline.Decato@gmail.com,firefighter
139,Ann-Marie,Birdella,Ann-Marie.Birdella@yopmail.com,Ann-Marie.Birdella@gmail.com,doctor
140,Adore,Greenwald,Adore.Greenwald@yopmail.com,Adore.Greenwald@gmail.com,firefighter
141,Tybie,Barrus,Tybie.Barrus@yopmail.com,Tybie.Barrus@gmail.com,firefighter
142,Paola,Publia,Paola.Publia@yopmail.com,Paola.Publia@gmail.com,developer
143,Joceline,Hathaway,Joceline.Hathaway@yopmail.com,Joceline.Hathaway@gmail.com,police officer
144,Nadine,Pascia,Nadine.Pascia@yopmail.com,Nadine.Pascia@gmail.com,firefighter
145,Vevay,Chapland,Vevay.Chapland@yopmail.com,Vevay.Chapland@gmail.com,firefighter
146,Kathy,Donoghue,Kathy.Donoghue@yopmail.com,Kathy.Donoghue@gmail.com,worker
147,Kore,Pearse,Kore.Pearse@yopmail.com,Kore.Pearse@gmail.com,firefighter
148,Christian,Aprile,Christian.Aprile@yopmail.com,Christian.Aprile@gmail.com,doctor
149,Flory,Bohlin,Flory.Bohlin@yopmail.com,Flory.Bohlin@gmail.com,police officer
150,Jenilee,Gaulin,Jenilee.Gaulin@yopmail.com,Jenilee.Gaulin@gmail.com,firefighter
151,Tera,Toffic,Tera.Toffic@yopmail.com,Tera.Toffic@gmail.com,police officer
152,Kristan,Bibi,Kristan.Bibi@yopmail.com,Kristan.Bibi@gmail.com,firefighter
153,Keelia,Voletta,Keelia.Voletta@yopmail.com,Keelia.Voletta@gmail.com,worker
154,Marnia,Bakerman,Marnia.Bakerman@yopmail.com,Marnia.Bakerman@gmail.com,police officer
155,Donnie,Constancy,Donnie.Constancy@yopmail.com,Donnie.Constancy@gmail.com,developer
156,Alameda,Elsinore,Alameda.Elsinore@yopmail.com,Alameda.Elsinore@gmail.com,worker
157,Daune,Greenwald,Daune.Greenwald@yopmail.com,Daune.Greenwald@gmail.com,doctor
158,Georgina,Nikaniki,Georgina.Nikaniki@yopmail.com,Georgina.Nikaniki@gmail.com,developer
159,Annora,Erskine,Annora.Erskine@yopmail.com,Annora.Erskine@gmail.com,firefighter
160,Vinita,Bandeen,Vinita.Bandeen@yopmail.com,Vinita.Bandeen@gmail.com,firefighter
161,Brena,Vernier,Brena.Vernier@yopmail.com,Brena.Vernier@gmail.com,worker
162,Gusty,Hanleigh,Gusty.Hanleigh@yopmail.com,Gusty.Hanleigh@gmail.com,firefighter
163,Bobinette,Lanita,Bobinette.Lanita@yopmail.com,Bobinette.Lanita@gmail.com,police officer
164,Charlena,Mendez,Charlena.Mendez@yopmail.com,Charlena.Mendez@gmail.com,doctor
165,Kristina,Ioab,Kristina.Ioab@yopmail.com,Kristina.Ioab@gmail.com,developer
166,Valeda,Berard,Valeda.Berard@yopmail.com,Valeda.Berard@gmail.com,police officer
167,Maridel,Trinetta,Maridel.Trinetta@yopmail.com,Maridel.Trinetta@gmail.com,police officer
168,Kittie,Thomasina,Kittie.Thomasina@yopmail.com,Kittie.Thomasina@gmail.com,firefighter
169,Marika,Redmond,Marika.Redmond@yopmail.com,Marika.Redmond@gmail.com,firefighter
170,Belinda,Medrek,Belinda.Medrek@yopmail.com,Belinda.Medrek@gmail.com,developer
171,Sharlene,Munn,Sharlene.Munn@yopmail.com,Sharlene.Munn@gmail.com,firefighter
172,Glenda,Seumas,Glenda.Seumas@yopmail.com,Glenda.Seumas@gmail.com,worker
173,Nariko,Lumbard,Nariko.Lumbard@yopmail.com,Nariko.Lumbard@gmail.com,developer
174,Cordi,Terencio,Cordi.Terencio@yopmail.com,Cordi.Terencio@gmail.com,police officer
175,Lita,Rolf,Lita.Rolf@yopmail.com,Lita.Rolf@gmail.com,police officer
176,Morganica,Johanna,Morganica.Johanna@yopmail.com,Morganica.Johanna@gmail.com,police officer
177,Britte,Quent,Britte.Quent@yopmail.com,Britte.Quent@gmail.com,developer
178,Loree,Trey,Loree.Trey@yopmail.com,Loree.Trey@gmail.com,police officer
179,Rayna,Yorick,Rayna.Yorick@yopmail.com,Rayna.Yorick@gmail.com,worker
180,Helsa,Anyah,Helsa.Anyah@yopmail.com,Helsa.Anyah@gmail.com,developer
181,Johna,Madaih,Johna.Madaih@yopmail.com,Johna.Madaih@gmail.com,developer
182,Hallie,Jammal,Hallie.Jammal@yopmail.com,Hallie.Jammal@gmail.com,worker
183,Jeanna,Krystle,Jeanna.Krystle@yopmail.com,Jeanna.Krystle@gmail.com,developer
184,Genevra,Cleo,Genevra.Cleo@yopmail.com,Genevra.Cleo@gmail.com,worker
185,Laurene,Colyer,Laurene.Colyer@yopmail.com,Laurene.Colyer@gmail.com,doctor
186,Lisette,Zina,Lisette.Zina@yopmail.com,Lisette.Zina@gmail.com,police officer
187,Eugine,Rad,Eugine.Rad@yopmail.com,Eugine.Rad@gmail.com,developer
188,Gertrud,Korey,Gertrud.Korey@yopmail.com,Gertrud.Korey@gmail.com,police officer
189,Talya,Hutchison,Talya.Hutchison@yopmail.com,Talya.Hutchison@gmail.com,police officer
190,Camile,Ricarda,Camile.Ricarda@yopmail.com,Camile.Ricarda@gmail.com,firefighter
191,Benita,Vilma,Benita.Vilma@yopmail.com,Benita.Vilma@gmail.com,doctor
192,Wileen,Leopold,Wileen.Leopold@yopmail.com,Wileen.Leopold@gmail.com,worker
193,Berta,Howlyn,Berta.Howlyn@yopmail.com,Berta.Howlyn@gmail.com,police officer
194,Tera,Poppy,Tera.Poppy@yopmail.com,Tera.Poppy@gmail.com,police officer
195,Jeanna,Janene,Jeanna.Janene@yopmail.com,Jeanna.Janene@gmail.com,police officer
196,Gerianna,Erb,Gerianna.Erb@yopmail.com,Gerianna.Erb@gmail.com,developer
197,Lacie,Goldina,Lacie.Goldina@yopmail.com,Lacie.Goldina@gmail.com,firefighter
198,Fidelia,Merriott,Fidelia.Merriott@yopmail.com,Fidelia.Merriott@gmail.com,doctor
199,Reeba,Aldric,Reeba.Aldric@yopmail.com,Reeba.Aldric@gmail.com,doctor
200,Anallese,Kannry,Anallese.Kannry@yopmail.com,Anallese.Kannry@gmail.com,developer
201,Viki,Hortensia,Viki.Hortensia@yopmail.com,Viki.Hortensia@gmail.com,developer
202,Zsa Zsa,Fiann,Zsa Zsa.Fiann@yopmail.com,Zsa Zsa.Fiann@gmail.com,doctor
203,Tamqrah,Riordan,Tamqrah.Riordan@yopmail.com,Tamqrah.Riordan@gmail.com,worker
204,Agnese,Friede,Agnese.Friede@yopmail.com,Agnese.Friede@gmail.com,doctor
205,Mady,Jagir,Mady.Jagir@yopmail.com,Mady.Jagir@gmail.com,developer
206,Ottilie,Sperling,Ottilie.Sperling@yopmail.com,Ottilie.Sperling@gmail.com,police officer
207,Rebeca,Cosenza,Rebeca.Cosenza@yopmail.com,Rebeca.Cosenza@gmail.com,firefighter
208,Penelopa,Read,Penelopa.Read@yopmail.com,Penelopa.Read@gmail.com,doctor
209,Millie,Holbrook,Millie.Holbrook@yopmail.com,Millie.Holbrook@gmail.com,firefighter
210,Meg,Jacinda,Meg.Jacinda@yopmail.com,Meg.Jacinda@gmail.com,worker
211,Neila,Audly,Neila.Audly@yopmail.com,Neila.Audly@gmail.com,developer
212,Joceline,Claudine,Joceline.Claudine@yopmail.com,Joceline.Claudine@gmail.com,firefighter
213,Livvyy,Papageno,Livvyy.Papageno@yopmail.com,Livvyy.Papageno@gmail.com,police officer
214,Amara,Japeth,Amara.Japeth@yopmail.com,Amara.Japeth@gmail.com,worker
215,Mary,Loring,Mary.Loring@yopmail.com,Mary.Loring@gmail.com,developer
216,Lelah,Saree,Lelah.Saree@yopmail.com,Lelah.Saree@gmail.com,firefighter
217,Sarette,Pelagias,Sarette.Pelagias@yopmail.com,Sarette.Pelagias@gmail.com,police officer
218,Mamie,Mathilde,Mamie.Mathilde@yopmail.com,Mamie.Mathilde@gmail.com,doctor
219,Fawne,Koehler,Fawne.Koehler@yopmail.com,Fawne.Koehler@gmail.com,developer
220,Sam,Franza,Sam.Franza@yopmail.com,Sam.Franza@gmail.com,worker
221,Betta,Hilbert,Betta.Hilbert@yopmail.com,Betta.Hilbert@gmail.com,firefighter
222,Brietta,Sikorski,Brietta.Sikorski@yopmail.com,Brietta.Sikorski@gmail.com,worker
223,Madeleine,Winnick,Madeleine.Winnick@yopmail.com,Madeleine.Winnick@gmail.com,firefighter
224,Cherilyn,Mozelle,Cherilyn.Mozelle@yopmail.com,Cherilyn.Mozelle@gmail.com,police officer
225,Alia,Pyle,Alia.Pyle@yopmail.com,Alia.Pyle@gmail.com,doctor
226,Nannie,Heidt,Nannie.Heidt@yopmail.com,Nannie.Heidt@gmail.com,firefighter
227,Pierette,Dawkins,Pierette.Dawkins@yopmail.com,Pierette.Dawkins@gmail.com,doctor
228,Peri,Crudden,Peri.Crudden@yopmail.com,Peri.Crudden@gmail.com,doctor
229,Jan,Alexandr,Jan.Alexandr@yopmail.com,Jan.Alexandr@gmail.com,police officer
230,Nannie,Ball,Nannie.Ball@yopmail.com,Nannie.Ball@gmail.com,firefighter
231,Leeanne,Janene,Leeanne.Janene@yopmail.com,Leeanne.Janene@gmail.com,firefighter
232,Rosene,Sawtelle,Rosene.Sawtelle@yopmail.com,Rosene.Sawtelle@gmail.com,firefighter
233,Inga,Lowry,Inga.Lowry@yopmail.com,Inga.Lowry@gmail.com,police officer
234,Marnia,Ietta,Marnia.Ietta@yopmail.com,Marnia.Ietta@gmail.com,police officer
235,Emma,Hertzfeld,Emma.Hertzfeld@yopmail.com,Emma.Hertzfeld@gmail.com,worker
236,Alleen,Howlyn,Alleen.Howlyn@yopmail.com,Alleen.Howlyn@gmail.com,police officer
237,Constance,Maryanne,Constance.Maryanne@yopmail.com,Constance.Maryanne@gmail.com,developer
238,Emelina,Halla,Emelina.Halla@yopmail.com,Emelina.Halla@gmail.com,firefighter
239,Jean,Tyson,Jean.Tyson@yopmail.com,Jean.Tyson@gmail.com,developer
240,Alia,Behre,Alia.Behre@yopmail.com,Alia.Behre@gmail.com,developer
241,Gianina,Fleeta,Gianina.Fleeta@yopmail.com,Gianina.Fleeta@gmail.com,worker
242,Nita,Joeann,Nita.Joeann@yopmail.com,Nita.Joeann@gmail.com,developer
243,Trudie,Raul,Trudie.Raul@yopmail.com,Trudie.Raul@gmail.com,police officer
244,Amara,Korey,Amara.Korey@yopmail.com,Amara.Korey@gmail.com,developer
245,Susan,Kaete,Susan.Kaete@yopmail.com,Susan.Kaete@gmail.com,firefighter
246,Nikki,Mandler,Nikki.Mandler@yopmail.com,Nikki.Mandler@gmail.com,doctor
247,Lorenza,Cadmar,Lorenza.Cadmar@yopmail.com,Lorenza.Cadmar@gmail.com,firefighter
248,Felice,Urania,Felice.Urania@yopmail.com,Felice.Urania@gmail.com,police officer
249,Gerianna,Goddard,Gerianna.Goddard@yopmail.com,Gerianna.Goddard@gmail.com,developer
250,Dorothy,Jarib,Dorothy.Jarib@yopmail.com,Dorothy.Jarib@gmail.com,firefighter
251,Fanny,Buttaro,Fanny.Buttaro@yopmail.com,Fanny.Buttaro@gmail.com,worker
252,Maridel,Abram,Maridel.Abram@yopmail.com,Maridel.Abram@gmail.com,doctor
253,Roberta,Colleen,Roberta.Colleen@yopmail.com,Roberta.Colleen@gmail.com,worker
254,Bettine,Lynn,Bettine.Lynn@yopmail.com,Bettine.Lynn@gmail.com,worker
255,Annice,Rocray,Annice.Rocray@yopmail.com,Annice.Rocray@gmail.com,firefighter
256,Sissy,Haymes,Sissy.Haymes@yopmail.com,Sissy.Haymes@gmail.com,firefighter
257,Clo,Manolo,Clo.Manolo@yopmail.com,Clo.Manolo@gmail.com,developer
258,Annaliese,Juan,Annaliese.Juan@yopmail.com,Annaliese.Juan@gmail.com,worker
259,Daryl,Santoro,Daryl.Santoro@yopmail.com,Daryl.Santoro@gmail.com,worker
260,Lily,Behre,Lily.Behre@yopmail.com,Lily.Behre@gmail.com,firefighter
261,Gabi,Florina,Gabi.Florina@yopmail.com,Gabi.Florina@gmail.com,doctor
262,Vivia,Bearnard,Vivia.Bearnard@yopmail.com,Vivia.Bearnard@gmail.com,firefighter
263,Sue,Brunell,Sue.Brunell@yopmail.com,Sue.Brunell@gmail.com,police officer
264,Paule,Marlie,Paule.Marlie@yopmail.com,Paule.Marlie@gmail.com,police officer
265,Vivia,Rustice,Vivia.Rustice@yopmail.com,Vivia.Rustice@gmail.com,firefighter
266,Meghann,Tjon,Meghann.Tjon@yopmail.com,Meghann.Tjon@gmail.com,worker
267,Shaine,Arathorn,Shaine.Arathorn@yopmail.com,Shaine.Arathorn@gmail.com,developer
268,Charissa,Lilas,Charissa.Lilas@yopmail.com,Charissa.Lilas@gmail.com,firefighter
269,Modestia,Belanger,Modestia.Belanger@yopmail.com,Modestia.Belanger@gmail.com,police officer
270,Violet,Daegal,Violet.Daegal@yopmail.com,Violet.Daegal@gmail.com,doctor
271,Tierney,Dimitris,Tierney.Dimitris@yopmail.com,Tierney.Dimitris@gmail.com,worker
272,Catharine,Buckler,Catharine.Buckler@yopmail.com,Catharine.Buckler@gmail.com,worker
273,Atlanta,Hathaway,Atlanta.Hathaway@yopmail.com,Atlanta.Hathaway@gmail.com,developer
274,Fernande,Nelsen,Fernande.Nelsen@yopmail.com,Fernande.Nelsen@gmail.com,doctor
275,Kary,Aprile,Kary.Aprile@yopmail.com,Kary.Aprile@gmail.com,police officer
276,Vivia,Erskine,Vivia.Erskine@yopmail.com,Vivia.Erskine@gmail.com,firefighter
277,Annaliese,Halla,Annaliese.Halla@yopmail.com,Annaliese.Halla@gmail.com,police officer
278,Starla,Pandolfi,Starla.Pandolfi@yopmail.com,Starla.Pandolfi@gmail.com,doctor
279,Bettine,Maroney,Bettine.Maroney@yopmail.com,Bettine.Maroney@gmail.com,worker
280,Genevra,Daegal,Genevra.Daegal@yopmail.com,Genevra.Daegal@gmail.com,firefighter
281,Trixi,Braun,Trixi.Braun@yopmail.com,Trixi.Braun@gmail.com,worker
282,Di,Albertine,Di.Albertine@yopmail.com,Di.Albertine@gmail.com,doctor
283,Bee,Tyson,Bee.Tyson@yopmail.com,Bee.Tyson@gmail.com,police officer
284,Rochette,Durware,Rochette.Durware@yopmail.com,Rochette.Durware@gmail.com,firefighter
285,Myrtice,Persse,Myrtice.Persse@yopmail.com,Myrtice.Persse@gmail.com,police officer
286,Sheelagh,Kare,Sheelagh.Kare@yopmail.com,Sheelagh.Kare@gmail.com,developer
287,Jillayne,Jagir,Jillayne.Jagir@yopmail.com,Jillayne.Jagir@gmail.com,police officer
288,Chickie,O'Carroll,Chickie.O'Carroll@yopmail.com,Chickie.O'Carroll@gmail.com,police officer
289,Ida,Sheng,Ida.Sheng@yopmail.com,Ida.Sheng@gmail.com,firefighter
290,Darlleen,Middleton,Darlleen.Middleton@yopmail.com,Darlleen.Middleton@gmail.com,developer
291,Alleen,Damarra,Alleen.Damarra@yopmail.com,Alleen.Damarra@gmail.com,worker
292,Halette,Colp,Halette.Colp@yopmail.com,Halette.Colp@gmail.com,firefighter
293,Myrtice,Elbertina,Myrtice.Elbertina@yopmail.com,Myrtice.Elbertina@gmail.com,worker
294,Berta,Eachern,Berta.Eachern@yopmail.com,Berta.Eachern@gmail.com,doctor
295,Roslyn,Lesley,Roslyn.Lesley@yopmail.com,Roslyn.Lesley@gmail.com,police officer
296,Berget,Hepsibah,Berget.Hepsibah@yopmail.com,Berget.Hepsibah@gmail.com,worker
297,Theodora,Craggie,Theodora.Craggie@yopmail.com,Theodora.Craggie@gmail.com,worker
298,Annabela,Virgin,Annabela.Virgin@yopmail.com,Annabela.Virgin@gmail.com,firefighter
299,Edith,Ummersen,Edith.Ummersen@yopmail.com,Edith.Ummersen@gmail.com,developer
300,Jolyn,Bearnard,Jolyn.Bearnard@yopmail.com,Jolyn.Bearnard@gmail.com,worker
301,Caryl,Paine,Caryl.Paine@yopmail.com,Caryl.Paine@gmail.com,doctor
302,Millie,Krystle,Millie.Krystle@yopmail.com,Millie.Krystle@gmail.com,firefighter
303,Libbie,Gert,Libbie.Gert@yopmail.com,Libbie.Gert@gmail.com,worker
304,Ethel,Salvidor,Ethel.Salvidor@yopmail.com,Ethel.Salvidor@gmail.com,police officer
305,Lorie,Christine,Lorie.Christine@yopmail.com,Lorie.Christine@gmail.com,worker
306,Marguerite,Ciro,Marguerite.Ciro@yopmail.com,Marguerite.Ciro@gmail.com,developer
307,Marsiella,Christine,Marsiella.Christine@yopmail.com,Marsiella.Christine@gmail.com,developer
308,Wendi,Carleen,Wendi.Carleen@yopmail.com,Wendi.Carleen@gmail.com,firefighter
309,Sissy,Neils,Sissy.Neils@yopmail.com,Sissy.Neils@gmail.com,police officer
310,Amara,Llovera,Amara.Llovera@yopmail.com,Amara.Llovera@gmail.com,doctor
311,Kathi,August,Kathi.August@yopmail.com,Kathi.August@gmail.com,police officer
312,Lily,Nadia,Lily.Nadia@yopmail.com,Lily.Nadia@gmail.com,police officer
313,Lilith,Fleeta,Lilith.Fleeta@yopmail.com,Lilith.Fleeta@gmail.com,firefighter
314,Vita,Astra,Vita.Astra@yopmail.com,Vita.Astra@gmail.com,police officer
315,Bobbi,Corilla,Bobbi.Corilla@yopmail.com,Bobbi.Corilla@gmail.com,doctor
316,Celisse,Alice,Celisse.Alice@yopmail.com,Celisse.Alice@gmail.com,firefighter
317,Sharai,Nadia,Sharai.Nadia@yopmail.com,Sharai.Nadia@gmail.com,doctor
318,Veda,Georgy,Veda.Georgy@yopmail.com,Veda.Georgy@gmail.com,worker
319,Kary,Cosenza,Kary.Cosenza@yopmail.com,Kary.Cosenza@gmail.com,worker
320,Minda,Lea,Minda.Lea@yopmail.com,Minda.Lea@gmail.com,worker
321,Gwenneth,Rona,Gwenneth.Rona@yopmail.com,Gwenneth.Rona@gmail.com,doctor
322,Silvana,Faria,Silvana.Faria@yopmail.com,Silvana.Faria@gmail.com,police officer
323,Nita,Teddman,Nita.Teddman@yopmail.com,Nita.Teddman@gmail.com,worker
324,Eadie,Eckblad,Eadie.Eckblad@yopmail.com,Eadie.Eckblad@gmail.com,developer
325,Evaleen,Loleta,Evaleen.Loleta@yopmail.com,Evaleen.Loleta@gmail.com,police officer
326,Anica,Noman,Anica.Noman@yopmail.com,Anica.Noman@gmail.com,developer
327,Neila,Mozelle,Neila.Mozelle@yopmail.com,Neila.Mozelle@gmail.com,developer
328,Fredericka,Keily,Fredericka.Keily@yopmail.com,Fredericka.Keily@gmail.com,firefighter
329,Felice,Bakerman,Felice.Bakerman@yopmail.com,Felice.Bakerman@gmail.com,worker
330,Stephanie,Cleo,Stephanie.Cleo@yopmail.com,Stephanie.Cleo@gmail.com,developer
331,Sheelagh,Genna,Sheelagh.Genna@yopmail.com,Sheelagh.Genna@gmail.com,doctor
332,Sam,Charity,Sam.Charity@yopmail.com,Sam.Charity@gmail.com,doctor
333,Tobe,Tamsky,Tobe.Tamsky@yopmail.com,Tobe.Tamsky@gmail.com,police officer
334,Joleen,Jena,Joleen.Jena@yopmail.com,Joleen.Jena@gmail.com,doctor
335,Siana,Belldas,Siana.Belldas@yopmail.com,Siana.Belldas@gmail.com,doctor
336,Sherrie,Marden,Sherrie.Marden@yopmail.com,Sherrie.Marden@gmail.com,police officer
337,Lelah,Donoghue,Lelah.Donoghue@yopmail.com,Lelah.Donoghue@gmail.com,police officer
338,Cristabel,Lenny,Cristabel.Lenny@yopmail.com,Cristabel.Lenny@gmail.com,developer
339,Janey,Travax,Janey.Travax@yopmail.com,Janey.Travax@gmail.com,doctor
340,Tierney,Pettiford,Tierney.Pettiford@yopmail.com,Tierney.Pettiford@gmail.com,firefighter
341,Wilma,Rossner,Wilma.Rossner@yopmail.com,Wilma.Rossner@gmail.com,police officer
342,Dione,Barbey,Dione.Barbey@yopmail.com,Dione.Barbey@gmail.com,firefighter
343,Keelia,Weide,Keelia.Weide@yopmail.com,Keelia.Weide@gmail.com,police officer
344,Briney,Autrey,Briney.Autrey@yopmail.com,Briney.Autrey@gmail.com,police officer
345,Peri,Arvo,Peri.Arvo@yopmail.com,Peri.Arvo@gmail.com,worker
346,Anica,Alabaster,Anica.Alabaster@yopmail.com,Anica.Alabaster@gmail.com,doctor
347,Fidelia,MacIntosh,Fidelia.MacIntosh@yopmail.com,Fidelia.MacIntosh@gmail.com,worker
348,Catrina,Parette,Catrina.Parette@yopmail.com,Catrina.Parette@gmail.com,worker
349,Ruthe,Mott,Ruthe.Mott@yopmail.com,Ruthe.Mott@gmail.com,worker
350,Bibby,Valerio,Bibby.Valerio@yopmail.com,Bibby.Valerio@gmail.com,firefighter
351,Addia,Rillings,Addia.Rillings@yopmail.com,Addia.Rillings@gmail.com,firefighter
352,Karlee,Thema,Karlee.Thema@yopmail.com,Karlee.Thema@gmail.com,worker
353,Wendi,Felizio,Wendi.Felizio@yopmail.com,Wendi.Felizio@gmail.com,developer
354,Steffane,Bury,Steffane.Bury@yopmail.com,Steffane.Bury@gmail.com,police officer
355,Vanessa,My,Vanessa.My@yopmail.com,Vanessa.My@gmail.com,worker
356,Alexine,Lacombe,Alexine.Lacombe@yopmail.com,Alexine.Lacombe@gmail.com,developer
357,Melisent,Alva,Melisent.Alva@yopmail.com,Melisent.Alva@gmail.com,firefighter
358,Paule,Berl,Paule.Berl@yopmail.com,Paule.Berl@gmail.com,doctor
359,Queenie,Cornelia,Queenie.Cornelia@yopmail.com,Queenie.Cornelia@gmail.com,doctor
360,Myriam,Fadiman,Myriam.Fadiman@yopmail.com,Myriam.Fadiman@gmail.com,firefighter
361,Ronna,Mike,Ronna.Mike@yopmail.com,Ronna.Mike@gmail.com,firefighter
362,Elyssa,Eliathas,Elyssa.Eliathas@yopmail.com,Elyssa.Eliathas@gmail.com,doctor
363,Farrah,Tacye,Farrah.Tacye@yopmail.com,Farrah.Tacye@gmail.com,worker
364,Queenie,Sigfrid,Queenie.Sigfrid@yopmail.com,Queenie.Sigfrid@gmail.com,doctor
365,Andeee,McAdams,Andeee.McAdams@yopmail.com,Andeee.McAdams@gmail.com,firefighter
366,Priscilla,Koehler,Priscilla.Koehler@yopmail.com,Priscilla.Koehler@gmail.com,developer
367,Trudie,Arquit,Trudie.Arquit@yopmail.com,Trudie.Arquit@gmail.com,police officer
368,Norine,Merell,Norine.Merell@yopmail.com,Norine.Merell@gmail.com,doctor
369,Kate,Margret,Kate.Margret@yopmail.com,Kate.Margret@gmail.com,police officer
370,Eadie,Cynar,Eadie.Cynar@yopmail.com,Eadie.Cynar@gmail.com,worker
371,Roberta,Chapland,Roberta.Chapland@yopmail.com,Roberta.Chapland@gmail.com,worker
372,Juliane,Girardo,Juliane.Girardo@yopmail.com,Juliane.Girardo@gmail.com,police officer
373,Brena,Damarra,Brena.Damarra@yopmail.com,Brena.Damarra@gmail.com,worker
374,Annice,Marsden,Annice.Marsden@yopmail.com,Annice.Marsden@gmail.com,firefighter
375,Vere,Lucienne,Vere.Lucienne@yopmail.com,Vere.Lucienne@gmail.com,developer
376,Babita,Lilybelle,Babita.Lilybelle@yopmail.com,Babita.Lilybelle@gmail.com,developer
377,Marcy,Fennessy,Marcy.Fennessy@yopmail.com,Marcy.Fennessy@gmail.com,developer
378,Vevay,Darbie,Vevay.Darbie@yopmail.com,Vevay.Darbie@gmail.com,police officer
379,Alie,Marisa,Alie.Marisa@yopmail.com,Alie.Marisa@gmail.com,developer
380,Joceline,Karl,Joceline.Karl@yopmail.com,Joceline.Karl@gmail.com,police officer
381,Kellen,Magnolia,Kellen.Magnolia@yopmail.com,Kellen.Magnolia@gmail.com,police officer
382,Gusella,Melan,Gusella.Melan@yopmail.com,Gusella.Melan@gmail.com,police officer
383,Lonnie,Jerald,Lonnie.Jerald@yopmail.com,Lonnie.Jerald@gmail.com,worker
384,Tomasina,Woodberry,Tomasina.Woodberry@yopmail.com,Tomasina.Woodberry@gmail.com,police officer
385,Aimil,Luhe,Aimil.Luhe@yopmail.com,Aimil.Luhe@gmail.com,firefighter
386,Chloris,Roxanna,Chloris.Roxanna@yopmail.com,Chloris.Roxanna@gmail.com,police officer
387,Gale,Harriman,Gale.Harriman@yopmail.com,Gale.Harriman@gmail.com,developer
388,Lindie,Iaverne,Lindie.Iaverne@yopmail.com,Lindie.Iaverne@gmail.com,worker
389,Lory,Maiah,Lory.Maiah@yopmail.com,Lory.Maiah@gmail.com,police officer
390,Rosabelle,Mozelle,Rosabelle.Mozelle@yopmail.com,Rosabelle.Mozelle@gmail.com,worker
391,Emma,Rillings,Emma.Rillings@yopmail.com,Emma.Rillings@gmail.com,police officer
392,Rhoda,Jagir,Rhoda.Jagir@yopmail.com,Rhoda.Jagir@gmail.com,doctor
393,Nonnah,Daegal,Nonnah.Daegal@yopmail.com,Nonnah.Daegal@gmail.com,firefighter
394,Dode,Lay,Dode.Lay@yopmail.com,Dode.Lay@gmail.com,developer
395,Cacilie,Rad,Cacilie.Rad@yopmail.com,Cacilie.Rad@gmail.com,firefighter
396,Romona,Kinnard,Romona.Kinnard@yopmail.com,Romona.Kinnard@gmail.com,worker
397,Brandise,Peti,Brandise.Peti@yopmail.com,Brandise.Peti@gmail.com,firefighter
398,Vevay,Papageno,Vevay.Papageno@yopmail.com,Vevay.Papageno@gmail.com,doctor
399,Lorne,Arvo,Lorne.Arvo@yopmail.com,Lorne.Arvo@gmail.com,worker
400,Misha,Han,Misha.Han@yopmail.com,Misha.Han@gmail.com,worker
401,Noelle,Gabrielli,Noelle.Gabrielli@yopmail.com,Noelle.Gabrielli@gmail.com,firefighter
402,Carmela,Boycey,Carmela.Boycey@yopmail.com,Carmela.Boycey@gmail.com,worker
403,Chloris,Fax,Chloris.Fax@yopmail.com,Chloris.Fax@gmail.com,doctor
404,Kathy,Thar,Kathy.Thar@yopmail.com,Kathy.Thar@gmail.com,worker
405,Carmencita,Persse,Carmencita.Persse@yopmail.com,Carmencita.Persse@gmail.com,doctor
406,Robbi,Colyer,Robbi.Colyer@yopmail.com,Robbi.Colyer@gmail.com,worker
407,Hope,Barbey,Hope.Barbey@yopmail.com,Hope.Barbey@gmail.com,worker
408,Jacenta,Martsen,Jacenta.Martsen@yopmail.com,Jacenta.Martsen@gmail.com,worker
409,Nanete,Bivins,Nanete.Bivins@yopmail.com,Nanete.Bivins@gmail.com,worker
410,Theodora,Arathorn,Theodora.Arathorn@yopmail.com,Theodora.Arathorn@gmail.com,police officer
411,Lanae,Rhu,Lanae.Rhu@yopmail.com,Lanae.Rhu@gmail.com,worker
412,Asia,Hubert,Asia.Hubert@yopmail.com,Asia.Hubert@gmail.com,police officer
413,Coral,Schlosser,Coral.Schlosser@yopmail.com,Coral.Schlosser@gmail.com,firefighter
414,Rosaline,Ahab,Rosaline.Ahab@yopmail.com,Rosaline.Ahab@gmail.com,doctor
415,Karina,Madelene,Karina.Madelene@yopmail.com,Karina.Madelene@gmail.com,developer
416,Jacenta,Burch,Jacenta.Burch@yopmail.com,Jacenta.Burch@gmail.com,worker
417,Vevay,Deny,Vevay.Deny@yopmail.com,Vevay.Deny@gmail.com,police officer
418,Julieta,Chapland,Julieta.Chapland@yopmail.com,Julieta.Chapland@gmail.com,police officer
419,Aurelie,Alisia,Aurelie.Alisia@yopmail.com,Aurelie.Alisia@gmail.com,developer
420,Clementine,Skurnik,Clementine.Skurnik@yopmail.com,Clementine.Skurnik@gmail.com,developer
421,Emilia,Cottle,Emilia.Cottle@yopmail.com,Emilia.Cottle@gmail.com,worker
422,Latisha,Whiffen,Latisha.Whiffen@yopmail.com,Latisha.Whiffen@gmail.com,firefighter
423,Harrietta,Albertine,Harrietta.Albertine@yopmail.com,Harrietta.Albertine@gmail.com,firefighter
424,Sybille,Selway,Sybille.Selway@yopmail.com,Sybille.Selway@gmail.com,doctor
425,Hallie,Carey,Hallie.Carey@yopmail.com,Hallie.Carey@gmail.com,doctor
426,Jorry,Alfons,Jorry.Alfons@yopmail.com,Jorry.Alfons@gmail.com,doctor
427,Corina,Diann,Corina.Diann@yopmail.com,Corina.Diann@gmail.com,firefighter
428,Valeda,Schalles,Valeda.Schalles@yopmail.com,Valeda.Schalles@gmail.com,developer
429,Candy,Sigfrid,Candy.Sigfrid@yopmail.com,Candy.Sigfrid@gmail.com,police officer
430,Linet,Ammann,Linet.Ammann@yopmail.com,Linet.Ammann@gmail.com,doctor
431,Katleen,Thema,Katleen.Thema@yopmail.com,Katleen.Thema@gmail.com,police officer
432,Josephine,Abernon,Josephine.Abernon@yopmail.com,Josephine.Abernon@gmail.com,firefighter
433,Mariann,Amasa,Mariann.Amasa@yopmail.com,Mariann.Amasa@gmail.com,firefighter
434,Elsie,Atonsah,Elsie.Atonsah@yopmail.com,Elsie.Atonsah@gmail.com,police officer
435,Chandra,Shields,Chandra.Shields@yopmail.com,Chandra.Shields@gmail.com,doctor
436,Robbi,Havens,Robbi.Havens@yopmail.com,Robbi.Havens@gmail.com,doctor
437,Mureil,Joeann,Mureil.Joeann@yopmail.com,Mureil.Joeann@gmail.com,firefighter
438,Lauryn,Imelida,Lauryn.Imelida@yopmail.com,Lauryn.Imelida@gmail.com,developer
439,Tierney,Skurnik,Tierney.Skurnik@yopmail.com,Tierney.Skurnik@gmail.com,worker
440,Rosabelle,Dituri,Rosabelle.Dituri@yopmail.com,Rosabelle.Dituri@gmail.com,firefighter
441,Gisela,Standing,Gisela.Standing@yopmail.com,Gisela.Standing@gmail.com,worker
442,Hayley,Malina,Hayley.Malina@yopmail.com,Hayley.Malina@gmail.com,worker
443,Augustine,Ajay,Augustine.Ajay@yopmail.com,Augustine.Ajay@gmail.com,doctor
444,Tani,Kelula,Tani.Kelula@yopmail.com,Tani.Kelula@gmail.com,police officer
445,Amara,Levey,Amara.Levey@yopmail.com,Amara.Levey@gmail.com,developer
446,Shandie,Cloris,Shandie.Cloris@yopmail.com,Shandie.Cloris@gmail.com,worker
447,Evita,Cosenza,Evita.Cosenza@yopmail.com,Evita.Cosenza@gmail.com,firefighter
448,Luci,Baptlsta,Luci.Baptlsta@yopmail.com,Luci.Baptlsta@gmail.com,doctor
449,Odessa,Sinegold,Odessa.Sinegold@yopmail.com,Odessa.Sinegold@gmail.com,doctor
450,Olwen,Cohdwell,Olwen.Cohdwell@yopmail.com,Olwen.Cohdwell@gmail.com,doctor
451,Krystle,Ochs,Krystle.Ochs@yopmail.com,Krystle.Ochs@gmail.com,police officer
452,Nelle,Himelman,Nelle.Himelman@yopmail.com,Nelle.Himelman@gmail.com,police officer
453,Melisent,Heisel,Melisent.Heisel@yopmail.com,Melisent.Heisel@gmail.com,doctor
454,Andree,Milson,Andree.Milson@yopmail.com,Andree.Milson@gmail.com,developer
455,Merry,Saunderson,Merry.Saunderson@yopmail.com,Merry.Saunderson@gmail.com,police officer
456,Aurore,Clywd,Aurore.Clywd@yopmail.com,Aurore.Clywd@gmail.com,police officer
457,Judy,Sharl,Judy.Sharl@yopmail.com,Judy.Sharl@gmail.com,police officer
458,Sean,Jefferey,Sean.Jefferey@yopmail.com,Sean.Jefferey@gmail.com,doctor
459,Vonny,Ries,Vonny.Ries@yopmail.com,Vonny.Ries@gmail.com,police officer
460,Donetta,Sprage,Donetta.Sprage@yopmail.com,Donetta.Sprage@gmail.com,firefighter
461,Tracey,Phaidra,Tracey.Phaidra@yopmail.com,Tracey.Phaidra@gmail.com,worker
462,Cathyleen,Yoko,Cathyleen.Yoko@yopmail.com,Cathyleen.Yoko@gmail.com,developer
463,Corly,Saree,Corly.Saree@yopmail.com,Corly.Saree@gmail.com,doctor
464,Joelly,Bandeen,Joelly.Bandeen@yopmail.com,Joelly.Bandeen@gmail.com,worker
465,Lusa,Kristi,Lusa.Kristi@yopmail.com,Lusa.Kristi@gmail.com,worker
466,Minda,Pattin,Minda.Pattin@yopmail.com,Minda.Pattin@gmail.com,firefighter
467,Gratia,Standing,Gratia.Standing@yopmail.com,Gratia.Standing@gmail.com,doctor
468,Basia,Sidonius,Basia.Sidonius@yopmail.com,Basia.Sidonius@gmail.com,worker
469,Jordan,Buffum,Jordan.Buffum@yopmail.com,Jordan.Buffum@gmail.com,firefighter
470,Edith,Valoniah,Edith.Valoniah@yopmail.com,Edith.Valoniah@gmail.com,worker
471,Jobi,Winnick,Jobi.Winnick@yopmail.com,Jobi.Winnick@gmail.com,police officer
472,Marita,Septima,Marita.Septima@yopmail.com,Marita.Septima@gmail.com,doctor
473,Edith,Jary,Edith.Jary@yopmail.com,Edith.Jary@gmail.com,developer
474,Alleen,Heisel,Alleen.Heisel@yopmail.com,Alleen.Heisel@gmail.com,worker
475,Brynna,Naashom,Brynna.Naashom@yopmail.com,Brynna.Naashom@gmail.com,worker
476,Deedee,Forrer,Deedee.Forrer@yopmail.com,Deedee.Forrer@gmail.com,doctor
477,Georgina,Muriel,Georgina.Muriel@yopmail.com,Georgina.Muriel@gmail.com,developer
478,Kary,O'Carroll,Kary.O'Carroll@yopmail.com,Kary.O'Carroll@gmail.com,firefighter
479,Ashlee,Pip,Ashlee.Pip@yopmail.com,Ashlee.Pip@gmail.com,police officer
480,Eadie,Brenn,Eadie.Brenn@yopmail.com,Eadie.Brenn@gmail.com,firefighter
481,Gretal,Si,Gretal.Si@yopmail.com,Gretal.Si@gmail.com,police officer
482,Rosanne,Stefa,Rosanne.Stefa@yopmail.com,Rosanne.Stefa@gmail.com,firefighter
483,Aryn,LaRue,Aryn.LaRue@yopmail.com,Aryn.LaRue@gmail.com,police officer
484,Siana,Ogren,Siana.Ogren@yopmail.com,Siana.Ogren@gmail.com,doctor
485,Lucy,Magnolia,Lucy.Magnolia@yopmail.com,Lucy.Magnolia@gmail.com,worker
486,Debee,Peg,Debee.Peg@yopmail.com,Debee.Peg@gmail.com,doctor
487,Clo,Ailyn,Clo.Ailyn@yopmail.com,Clo.Ailyn@gmail.com,doctor
488,Marleah,Lipson,Marleah.Lipson@yopmail.com,Marleah.Lipson@gmail.com,police officer
489,Celestyna,Lanita,Celestyna.Lanita@yopmail.com,Celestyna.Lanita@gmail.com,police officer
490,Monika,Nea,Monika.Nea@yopmail.com,Monika.Nea@gmail.com,developer
491,Mireielle,Edee,Mireielle.Edee@yopmail.com,Mireielle.Edee@gmail.com,doctor
492,Maridel,Deny,Maridel.Deny@yopmail.com,Maridel.Deny@gmail.com,doctor
493,Agathe,Sinegold,Agathe.Sinegold@yopmail.com,Agathe.Sinegold@gmail.com,police officer
494,Monika,Michella,Monika.Michella@yopmail.com,Monika.Michella@gmail.com,worker
495,Dominga,Laverne,Dominga.Laverne@yopmail.com,Dominga.Laverne@gmail.com,worker
496,Suzette,Noelyn,Suzette.Noelyn@yopmail.com,Suzette.Noelyn@gmail.com,police officer
497,Eve,Fontana,Eve.Fontana@yopmail.com,Eve.Fontana@gmail.com,doctor
498,Molli,Peonir,Molli.Peonir@yopmail.com,Molli.Peonir@gmail.com,firefighter
499,Kimmy,Thomasina,Kimmy.Thomasina@yopmail.com,Kimmy.Thomasina@gmail.com,doctor
500,Aubrie,Alva,Aubrie.Alva@yopmail.com,Aubrie.Alva@gmail.com,firefighter
501,Lonnie,Bluh,Lonnie.Bluh@yopmail.com,Lonnie.Bluh@gmail.com,firefighter
502,Ada,Jerold,Ada.Jerold@yopmail.com,Ada.Jerold@gmail.com,developer
503,Misha,Ariella,Misha.Ariella@yopmail.com,Misha.Ariella@gmail.com,developer
504,Janenna,Radu,Janenna.Radu@yopmail.com,Janenna.Radu@gmail.com,police officer
505,Lucy,Gusella,Lucy.Gusella@yopmail.com,Lucy.Gusella@gmail.com,developer
506,Pamella,Erskine,Pamella.Erskine@yopmail.com,Pamella.Erskine@gmail.com,doctor
507,Johna,Joni,Johna.Joni@yopmail.com,Johna.Joni@gmail.com,firefighter
508,Myriam,McNully,Myriam.McNully@yopmail.com,Myriam.McNully@gmail.com,developer
509,Betta,Marcellus,Betta.Marcellus@yopmail.com,Betta.Marcellus@gmail.com,worker
510,Maridel,Ochs,Maridel.Ochs@yopmail.com,Maridel.Ochs@gmail.com,worker
511,Leona,Oriana,Leona.Oriana@yopmail.com,Leona.Oriana@gmail.com,doctor
512,Cecile,Brian,Cecile.Brian@yopmail.com,Cecile.Brian@gmail.com,developer
513,Shaylyn,Autrey,Shaylyn.Autrey@yopmail.com,Shaylyn.Autrey@gmail.com,police officer
514,Shaylyn,Roarke,Shaylyn.Roarke@yopmail.com,Shaylyn.Roarke@gmail.com,developer
515,Etta,Edmund,Etta.Edmund@yopmail.com,Etta.Edmund@gmail.com,worker
516,Elise,Carolin,Elise.Carolin@yopmail.com,Elise.Carolin@gmail.com,police officer
517,Briney,Wind,Briney.Wind@yopmail.com,Briney.Wind@gmail.com,worker
518,Lusa,Dreda,Lusa.Dreda@yopmail.com,Lusa.Dreda@gmail.com,developer
519,Sissy,Ahab,Sissy.Ahab@yopmail.com,Sissy.Ahab@gmail.com,firefighter
520,Farrah,Fulmer,Farrah.Fulmer@yopmail.com,Farrah.Fulmer@gmail.com,firefighter
521,Deloria,Niles,Deloria.Niles@yopmail.com,Deloria.Niles@gmail.com,developer
522,Tressa,Bluh,Tressa.Bluh@yopmail.com,Tressa.Bluh@gmail.com,doctor
523,Coral,Lutero,Coral.Lutero@yopmail.com,Coral.Lutero@gmail.com,doctor
524,Michaelina,Gherardo,Michaelina.Gherardo@yopmail.com,Michaelina.Gherardo@gmail.com,firefighter
525,Lusa,Sabella,Lusa.Sabella@yopmail.com,Lusa.Sabella@gmail.com,developer
526,Tarra,Lalitta,Tarra.Lalitta@yopmail.com,Tarra.Lalitta@gmail.com,police officer
527,Justinn,Cristi,Justinn.Cristi@yopmail.com,Justinn.Cristi@gmail.com,police officer
528,Cherrita,Allare,Cherrita.Allare@yopmail.com,Cherrita.Allare@gmail.com,firefighter
529,Carly,Helfand,Carly.Helfand@yopmail.com,Carly.Helfand@gmail.com,firefighter
530,Ann-Marie,Clywd,Ann-Marie.Clywd@yopmail.com,Ann-Marie.Clywd@gmail.com,firefighter
531,Danny,Amasa,Danny.Amasa@yopmail.com,Danny.Amasa@gmail.com,worker
532,Marleah,Lanita,Marleah.Lanita@yopmail.com,Marleah.Lanita@gmail.com,worker
533,Gusty,Burnside,Gusty.Burnside@yopmail.com,Gusty.Burnside@gmail.com,developer
534,Henriette,Larochelle,Henriette.Larochelle@yopmail.com,Henriette.Larochelle@gmail.com,worker
535,Averyl,Kalinda,Averyl.Kalinda@yopmail.com,Averyl.Kalinda@gmail.com,firefighter
536,Stevana,Pascia,Stevana.Pascia@yopmail.com,Stevana.Pascia@gmail.com,doctor
537,Sybille,Neils,Sybille.Neils@yopmail.com,Sybille.Neils@gmail.com,doctor
538,Stephanie,Ferino,Stephanie.Ferino@yopmail.com,Stephanie.Ferino@gmail.com,doctor
539,Melanie,Bates,Melanie.Bates@yopmail.com,Melanie.Bates@gmail.com,firefighter
540,Shaine,Skell,Shaine.Skell@yopmail.com,Shaine.Skell@gmail.com,firefighter
541,Bobbi,Lay,Bobbi.Lay@yopmail.com,Bobbi.Lay@gmail.com,worker
542,Gloria,Niccolo,Gloria.Niccolo@yopmail.com,Gloria.Niccolo@gmail.com,developer
543,Dolli,Delacourt,Dolli.Delacourt@yopmail.com,Dolli.Delacourt@gmail.com,doctor
544,Eadie,Milde,Eadie.Milde@yopmail.com,Eadie.Milde@gmail.com,developer
545,Nita,Angelis,Nita.Angelis@yopmail.com,Nita.Angelis@gmail.com,developer
546,Daphne,Idelia,Daphne.Idelia@yopmail.com,Daphne.Idelia@gmail.com,police officer
547,Nananne,Casimir,Nananne.Casimir@yopmail.com,Nananne.Casimir@gmail.com,worker
548,Leona,Anselmi,Leona.Anselmi@yopmail.com,Leona.Anselmi@gmail.com,doctor
549,Elora,Ivens,Elora.Ivens@yopmail.com,Elora.Ivens@gmail.com,doctor
550,Alia,Evangelia,Alia.Evangelia@yopmail.com,Alia.Evangelia@gmail.com,developer
551,Elyssa,Gaynor,Elyssa.Gaynor@yopmail.com,Elyssa.Gaynor@gmail.com,police officer
552,Gabriellia,Brenn,Gabriellia.Brenn@yopmail.com,Gabriellia.Brenn@gmail.com,police officer
553,Clementine,Azeria,Clementine.Azeria@yopmail.com,Clementine.Azeria@gmail.com,police officer
554,Ginnie,Fry,Ginnie.Fry@yopmail.com,Ginnie.Fry@gmail.com,police officer
555,Priscilla,Philoo,Priscilla.Philoo@yopmail.com,Priscilla.Philoo@gmail.com,worker
556,June,Cecile,June.Cecile@yopmail.com,June.Cecile@gmail.com,police officer
557,Mahalia,Nedrud,Mahalia.Nedrud@yopmail.com,Mahalia.Nedrud@gmail.com,police officer
558,Leanna,Raseda,Leanna.Raseda@yopmail.com,Leanna.Raseda@gmail.com,police officer
559,Merry,Teddman,Merry.Teddman@yopmail.com,Merry.Teddman@gmail.com,police officer
560,Caritta,Truc,Caritta.Truc@yopmail.com,Caritta.Truc@gmail.com,firefighter
561,Julieta,Kalinda,Julieta.Kalinda@yopmail.com,Julieta.Kalinda@gmail.com,worker
562,Sidoney,Heidt,Sidoney.Heidt@yopmail.com,Sidoney.Heidt@gmail.com,police officer
563,Gratia,Rebecka,Gratia.Rebecka@yopmail.com,Gratia.Rebecka@gmail.com,doctor
564,Kristan,Andrel,Kristan.Andrel@yopmail.com,Kristan.Andrel@gmail.com,worker
565,Christy,Riva,Christy.Riva@yopmail.com,Christy.Riva@gmail.com,firefighter
566,Natka,Croix,Natka.Croix@yopmail.com,Natka.Croix@gmail.com,worker
567,Consuela,Tillford,Consuela.Tillford@yopmail.com,Consuela.Tillford@gmail.com,developer
568,Suzette,Dash,Suzette.Dash@yopmail.com,Suzette.Dash@gmail.com,worker
569,Robinia,Roarke,Robinia.Roarke@yopmail.com,Robinia.Roarke@gmail.com,developer
570,Corry,Olnee,Corry.Olnee@yopmail.com,Corry.Olnee@gmail.com,developer
571,Ardys,Pozzy,Ardys.Pozzy@yopmail.com,Ardys.Pozzy@gmail.com,developer
572,Ninnetta,Anestassia,Ninnetta.Anestassia@yopmail.com,Ninnetta.Anestassia@gmail.com,firefighter
573,Di,Graig,Di.Graig@yopmail.com,Di.Graig@gmail.com,developer
574,Candi,Modie,Candi.Modie@yopmail.com,Candi.Modie@gmail.com,worker
575,Addia,Hurley,Addia.Hurley@yopmail.com,Addia.Hurley@gmail.com,worker
576,Donnie,Fulmer,Donnie.Fulmer@yopmail.com,Donnie.Fulmer@gmail.com,worker
577,Lynea,Harday,Lynea.Harday@yopmail.com,Lynea.Harday@gmail.com,developer
578,Susette,Morehouse,Susette.Morehouse@yopmail.com,Susette.Morehouse@gmail.com,doctor
579,Gertrud,Nance,Gertrud.Nance@yopmail.com,Gertrud.Nance@gmail.com,firefighter
580,Madeleine,Willie,Madeleine.Willie@yopmail.com,Madeleine.Willie@gmail.com,worker
581,Linet,Cullin,Linet.Cullin@yopmail.com,Linet.Cullin@gmail.com,worker
582,Mellicent,Linskey,Mellicent.Linskey@yopmail.com,Mellicent.Linskey@gmail.com,doctor
583,Valera,Vittoria,Valera.Vittoria@yopmail.com,Valera.Vittoria@gmail.com,doctor
584,Aurelie,Faust,Aurelie.Faust@yopmail.com,Aurelie.Faust@gmail.com,police officer
585,Rhea,Roscoe,Rhea.Roscoe@yopmail.com,Rhea.Roscoe@gmail.com,doctor
586,Gaylene,Terrence,Gaylene.Terrence@yopmail.com,Gaylene.Terrence@gmail.com,doctor
587,Marline,Ogren,Marline.Ogren@yopmail.com,Marline.Ogren@gmail.com,worker
588,Elvira,Ophelia,Elvira.Ophelia@yopmail.com,Elvira.Ophelia@gmail.com,doctor
589,Dacia,Valerio,Dacia.Valerio@yopmail.com,Dacia.Valerio@gmail.com,doctor
590,Raf,Hull,Raf.Hull@yopmail.com,Raf.Hull@gmail.com,worker
591,Merle,Hamil,Merle.Hamil@yopmail.com,Merle.Hamil@gmail.com,developer
592,Collen,Corabella,Collen.Corabella@yopmail.com,Collen.Corabella@gmail.com,doctor
593,Gusella,Dimitris,Gusella.Dimitris@yopmail.com,Gusella.Dimitris@gmail.com,worker
594,Sashenka,Ovid,Sashenka.Ovid@yopmail.com,Sashenka.Ovid@gmail.com,worker
595,Elka,Anton,Elka.Anton@yopmail.com,Elka.Anton@gmail.com,developer
596,Fernande,Cornelia,Fernande.Cornelia@yopmail.com,Fernande.Cornelia@gmail.com,worker
597,Krystle,Leonard,Krystle.Leonard@yopmail.com,Krystle.Leonard@gmail.com,developer
598,Julieta,Tice,Julieta.Tice@yopmail.com,Julieta.Tice@gmail.com,worker
599,Albertina,Duwalt,Albertina.Duwalt@yopmail.com,Albertina.Duwalt@gmail.com,firefighter
600,Caryl,Lamoree,Caryl.Lamoree@yopmail.com,Caryl.Lamoree@gmail.com,firefighter
601,Winifred,Fax,Winifred.Fax@yopmail.com,Winifred.Fax@gmail.com,police officer
602,Adriana,Woodberry,Adriana.Woodberry@yopmail.com,Adriana.Woodberry@gmail.com,police officer
603,Kamilah,Rooney,Kamilah.Rooney@yopmail.com,Kamilah.Rooney@gmail.com,worker
604,Daphne,Hourigan,Daphne.Hourigan@yopmail.com,Daphne.Hourigan@gmail.com,firefighter
605,Dione,Mitzi,Dione.Mitzi@yopmail.com,Dione.Mitzi@gmail.com,firefighter
606,Feliza,Fosque,Feliza.Fosque@yopmail.com,Feliza.Fosque@gmail.com,police officer
607,Sheree,Talia,Sheree.Talia@yopmail.com,Sheree.Talia@gmail.com,worker
608,Perry,Drisko,Perry.Drisko@yopmail.com,Perry.Drisko@gmail.com,firefighter
609,Dulcinea,Nikaniki,Dulcinea.Nikaniki@yopmail.com,Dulcinea.Nikaniki@gmail.com,doctor
610,Consuela,Plato,Consuela.Plato@yopmail.com,Consuela.Plato@gmail.com,firefighter
611,Jolyn,Behre,Jolyn.Behre@yopmail.com,Jolyn.Behre@gmail.com,developer
612,Lesly,Hieronymus,Lesly.Hieronymus@yopmail.com,Lesly.Hieronymus@gmail.com,firefighter
613,Marita,Longfellow,Marita.Longfellow@yopmail.com,Marita.Longfellow@gmail.com,firefighter
614,Bobbi,Krystle,Bobbi.Krystle@yopmail.com,Bobbi.Krystle@gmail.com,police officer
615,Karina,Chrystel,Karina.Chrystel@yopmail.com,Karina.Chrystel@gmail.com,developer
616,Ellette,Klotz,Ellette.Klotz@yopmail.com,Ellette.Klotz@gmail.com,police officer
617,Emilia,Hortensia,Emilia.Hortensia@yopmail.com,Emilia.Hortensia@gmail.com,doctor
618,Cecile,Ader,Cecile.Ader@yopmail.com,Cecile.Ader@gmail.com,developer
619,Kimmy,Durware,Kimmy.Durware@yopmail.com,Kimmy.Durware@gmail.com,police officer
620,Mureil,Monaco,Mureil.Monaco@yopmail.com,Mureil.Monaco@gmail.com,firefighter
621,Rori,Corabella,Rori.Corabella@yopmail.com,Rori.Corabella@gmail.com,developer
622,Joelly,Redmond,Joelly.Redmond@yopmail.com,Joelly.Redmond@gmail.com,worker
623,Chere,Doig,Chere.Doig@yopmail.com,Chere.Doig@gmail.com,doctor
624,Caressa,Urias,Caressa.Urias@yopmail.com,Caressa.Urias@gmail.com,developer
625,Lexine,Girardo,Lexine.Girardo@yopmail.com,Lexine.Girardo@gmail.com,doctor
626,Myrtice,Campball,Myrtice.Campball@yopmail.com,Myrtice.Campball@gmail.com,doctor
627,Evita,Douglass,Evita.Douglass@yopmail.com,Evita.Douglass@gmail.com,developer
628,Andeee,Sikorski,Andeee.Sikorski@yopmail.com,Andeee.Sikorski@gmail.com,developer
629,Flory,Campball,Flory.Campball@yopmail.com,Flory.Campball@gmail.com,worker
630,Etta,Henebry,Etta.Henebry@yopmail.com,Etta.Henebry@gmail.com,firefighter
631,Raquela,Johnsson,Raquela.Johnsson@yopmail.com,Raquela.Johnsson@gmail.com,worker
632,Karly,Capello,Karly.Capello@yopmail.com,Karly.Capello@gmail.com,developer
633,Hayley,Poll,Hayley.Poll@yopmail.com,Hayley.Poll@gmail.com,developer
634,Gabi,Salchunas,Gabi.Salchunas@yopmail.com,Gabi.Salchunas@gmail.com,developer
635,Shannah,Earlie,Shannah.Earlie@yopmail.com,Shannah.Earlie@gmail.com,police officer
636,Letizia,Durante,Letizia.Durante@yopmail.com,Letizia.Durante@gmail.com,developer
637,Konstance,Si,Konstance.Si@yopmail.com,Konstance.Si@gmail.com,developer
638,Hallie,Kosey,Hallie.Kosey@yopmail.com,Hallie.Kosey@gmail.com,police officer
639,Meriel,Kinnard,Meriel.Kinnard@yopmail.com,Meriel.Kinnard@gmail.com,doctor
640,Orsola,Pearse,Orsola.Pearse@yopmail.com,Orsola.Pearse@gmail.com,worker
641,Zsa Zsa,Roumell,Zsa Zsa.Roumell@yopmail.com,Zsa Zsa.Roumell@gmail.com,doctor
642,Bernie,Thar,Bernie.Thar@yopmail.com,Bernie.Thar@gmail.com,developer
643,Ruthe,Zeeba,Ruthe.Zeeba@yopmail.com,Ruthe.Zeeba@gmail.com,firefighter
644,Linzy,Ranjiv,Linzy.Ranjiv@yopmail.com,Linzy.Ranjiv@gmail.com,doctor
645,Daphne,Si,Daphne.Si@yopmail.com,Daphne.Si@gmail.com,police officer
646,Madelle,O'Rourke,Madelle.O'Rourke@yopmail.com,Madelle.O'Rourke@gmail.com,doctor
647,Priscilla,Harriman,Priscilla.Harriman@yopmail.com,Priscilla.Harriman@gmail.com,worker
648,Dulce,Plato,Dulce.Plato@yopmail.com,Dulce.Plato@gmail.com,firefighter
649,Janenna,Bluh,Janenna.Bluh@yopmail.com,Janenna.Bluh@gmail.com,police officer
650,Dagmar,Allys,Dagmar.Allys@yopmail.com,Dagmar.Allys@gmail.com,police officer
651,Mildrid,An,Mildrid.An@yopmail.com,Mildrid.An@gmail.com,worker
652,Chickie,Bryna,Chickie.Bryna@yopmail.com,Chickie.Bryna@gmail.com,developer
653,Abbie,Granoff,Abbie.Granoff@yopmail.com,Abbie.Granoff@gmail.com,doctor
654,Sibella,Belldas,Sibella.Belldas@yopmail.com,Sibella.Belldas@gmail.com,worker
655,Margette,Niles,Margette.Niles@yopmail.com,Margette.Niles@gmail.com,developer
656,Helsa,Payson,Helsa.Payson@yopmail.com,Helsa.Payson@gmail.com,firefighter
657,Lanna,Eachern,Lanna.Eachern@yopmail.com,Lanna.Eachern@gmail.com,doctor
658,Barbara,Moina,Barbara.Moina@yopmail.com,Barbara.Moina@gmail.com,developer
659,Beverley,Elisha,Beverley.Elisha@yopmail.com,Beverley.Elisha@gmail.com,doctor
660,Sean,Cottle,Sean.Cottle@yopmail.com,Sean.Cottle@gmail.com,police officer
661,Glynnis,Allina,Glynnis.Allina@yopmail.com,Glynnis.Allina@gmail.com,developer
662,Rosabelle,Edvard,Rosabelle.Edvard@yopmail.com,Rosabelle.Edvard@gmail.com,police officer
663,Priscilla,Marden,Priscilla.Marden@yopmail.com,Priscilla.Marden@gmail.com,doctor
664,Dede,Henrie,Dede.Henrie@yopmail.com,Dede.Henrie@gmail.com,doctor
665,Tori,Kirstin,Tori.Kirstin@yopmail.com,Tori.Kirstin@gmail.com,worker
666,Jillayne,Auberbach,Jillayne.Auberbach@yopmail.com,Jillayne.Auberbach@gmail.com,firefighter
667,Lynnea,Abram,Lynnea.Abram@yopmail.com,Lynnea.Abram@gmail.com,police officer
668,Libbie,Henrie,Libbie.Henrie@yopmail.com,Libbie.Henrie@gmail.com,doctor
669,Linet,Casimir,Linet.Casimir@yopmail.com,Linet.Casimir@gmail.com,worker
670,Myrtice,Berard,Myrtice.Berard@yopmail.com,Myrtice.Berard@gmail.com,developer
671,Marti,Hanshaw,Marti.Hanshaw@yopmail.com,Marti.Hanshaw@gmail.com,doctor
672,Eugine,Krystle,Eugine.Krystle@yopmail.com,Eugine.Krystle@gmail.com,developer
673,Peri,Mott,Peri.Mott@yopmail.com,Peri.Mott@gmail.com,developer
674,Giustina,Monaco,Giustina.Monaco@yopmail.com,Giustina.Monaco@gmail.com,police officer
675,Asia,Melony,Asia.Melony@yopmail.com,Asia.Melony@gmail.com,police officer
676,Althea,Norvol,Althea.Norvol@yopmail.com,Althea.Norvol@gmail.com,police officer
677,Antonietta,Aldric,Antonietta.Aldric@yopmail.com,Antonietta.Aldric@gmail.com,police officer
678,Maurene,Tyson,Maurene.Tyson@yopmail.com,Maurene.Tyson@gmail.com,firefighter
679,Jere,Ethban,Jere.Ethban@yopmail.com,Jere.Ethban@gmail.com,developer
680,Gabriellia,Dreda,Gabriellia.Dreda@yopmail.com,Gabriellia.Dreda@gmail.com,doctor
681,Rozele,Argus,Rozele.Argus@yopmail.com,Rozele.Argus@gmail.com,developer
682,Jemie,Madelene,Jemie.Madelene@yopmail.com,Jemie.Madelene@gmail.com,developer
683,Margette,Presber,Margette.Presber@yopmail.com,Margette.Presber@gmail.com,police officer
684,Esmeralda,Dreda,Esmeralda.Dreda@yopmail.com,Esmeralda.Dreda@gmail.com,developer
685,Giustina,Seagraves,Giustina.Seagraves@yopmail.com,Giustina.Seagraves@gmail.com,firefighter
686,Livvyy,Dalli,Livvyy.Dalli@yopmail.com,Livvyy.Dalli@gmail.com,firefighter
687,Dulcinea,Frodi,Dulcinea.Frodi@yopmail.com,Dulcinea.Frodi@gmail.com,police officer
688,Arabel,Edmund,Arabel.Edmund@yopmail.com,Arabel.Edmund@gmail.com,developer
689,Susette,Harned,Susette.Harned@yopmail.com,Susette.Harned@gmail.com,developer
690,Ariela,Mitzi,Ariela.Mitzi@yopmail.com,Ariela.Mitzi@gmail.com,worker
691,Willetta,Jerald,Willetta.Jerald@yopmail.com,Willetta.Jerald@gmail.com,doctor
692,Tracey,Wenoa,Tracey.Wenoa@yopmail.com,Tracey.Wenoa@gmail.com,police officer
693,Winifred,Felecia,Winifred.Felecia@yopmail.com,Winifred.Felecia@gmail.com,police officer
694,Belva,Dreda,Belva.Dreda@yopmail.com,Belva.Dreda@gmail.com,police officer
695,Blinni,Rooney,Blinni.Rooney@yopmail.com,Blinni.Rooney@gmail.com,firefighter
696,Goldie,Francyne,Goldie.Francyne@yopmail.com,Goldie.Francyne@gmail.com,worker
697,Fernande,Mintz,Fernande.Mintz@yopmail.com,Fernande.Mintz@gmail.com,police officer
698,Gusty,Carmena,Gusty.Carmena@yopmail.com,Gusty.Carmena@gmail.com,worker
699,Dode,Johnsson,Dode.Johnsson@yopmail.com,Dode.Johnsson@gmail.com,developer
700,Silvana,Sasnett,Silvana.Sasnett@yopmail.com,Silvana.Sasnett@gmail.com,doctor
701,Jasmina,Kaja,Jasmina.Kaja@yopmail.com,Jasmina.Kaja@gmail.com,firefighter
702,Veda,Ephrem,Veda.Ephrem@yopmail.com,Veda.Ephrem@gmail.com,doctor
703,Gusella,Raychel,Gusella.Raychel@yopmail.com,Gusella.Raychel@gmail.com,police officer
704,Goldie,An,Goldie.An@yopmail.com,Goldie.An@gmail.com,firefighter
705,Amara,Brodench,Amara.Brodench@yopmail.com,Amara.Brodench@gmail.com,doctor
706,Marsiella,Kazimir,Marsiella.Kazimir@yopmail.com,Marsiella.Kazimir@gmail.com,doctor
707,Sherrie,Harl,Sherrie.Harl@yopmail.com,Sherrie.Harl@gmail.com,firefighter
708,Corry,Marlie,Corry.Marlie@yopmail.com,Corry.Marlie@gmail.com,firefighter
709,Kathy,Parette,Kathy.Parette@yopmail.com,Kathy.Parette@gmail.com,worker
710,Courtnay,Thema,Courtnay.Thema@yopmail.com,Courtnay.Thema@gmail.com,police officer
711,Max,Wildermuth,Max.Wildermuth@yopmail.com,Max.Wildermuth@gmail.com,doctor
712,Gilda,Fleeta,Gilda.Fleeta@yopmail.com,Gilda.Fleeta@gmail.com,firefighter
713,Gwenneth,Israeli,Gwenneth.Israeli@yopmail.com,Gwenneth.Israeli@gmail.com,doctor
714,Berget,Pyle,Berget.Pyle@yopmail.com,Berget.Pyle@gmail.com,firefighter
715,Marguerite,Serilda,Marguerite.Serilda@yopmail.com,Marguerite.Serilda@gmail.com,worker
716,Anestassia,Hartnett,Anestassia.Hartnett@yopmail.com,Anestassia.Hartnett@gmail.com,police officer
717,Wanda,Fulmer,Wanda.Fulmer@yopmail.com,Wanda.Fulmer@gmail.com,firefighter
718,Daryl,Gale,Daryl.Gale@yopmail.com,Daryl.Gale@gmail.com,developer
719,Trudie,Pacorro,Trudie.Pacorro@yopmail.com,Trudie.Pacorro@gmail.com,firefighter
720,Cristine,Vivle,Cristine.Vivle@yopmail.com,Cristine.Vivle@gmail.com,police officer
721,Clary,Rubie,Clary.Rubie@yopmail.com,Clary.Rubie@gmail.com,police officer
722,Renie,Goldina,Renie.Goldina@yopmail.com,Renie.Goldina@gmail.com,firefighter
723,Janey,Andrel,Janey.Andrel@yopmail.com,Janey.Andrel@gmail.com,police officer
724,Nannie,Ambrosia,Nannie.Ambrosia@yopmail.com,Nannie.Ambrosia@gmail.com,firefighter
725,Aryn,Larochelle,Aryn.Larochelle@yopmail.com,Aryn.Larochelle@gmail.com,firefighter
726,Lusa,Dichy,Lusa.Dichy@yopmail.com,Lusa.Dichy@gmail.com,police officer
727,Lanae,Chick,Lanae.Chick@yopmail.com,Lanae.Chick@gmail.com,firefighter
728,Ekaterina,Granoff,Ekaterina.Granoff@yopmail.com,Ekaterina.Granoff@gmail.com,doctor
729,Pearline,Baylor,Pearline.Baylor@yopmail.com,Pearline.Baylor@gmail.com,firefighter
730,Ivett,Hourigan,Ivett.Hourigan@yopmail.com,Ivett.Hourigan@gmail.com,developer
731,Gusty,Elsinore,Gusty.Elsinore@yopmail.com,Gusty.Elsinore@gmail.com,developer
732,Lory,Dyche,Lory.Dyche@yopmail.com,Lory.Dyche@gmail.com,firefighter
733,Wendi,Hartnett,Wendi.Hartnett@yopmail.com,Wendi.Hartnett@gmail.com,doctor
734,Nessie,Heisel,Nessie.Heisel@yopmail.com,Nessie.Heisel@gmail.com,firefighter
735,Anica,Ader,Anica.Ader@yopmail.com,Anica.Ader@gmail.com,police officer
736,Mary,Ferrell,Mary.Ferrell@yopmail.com,Mary.Ferrell@gmail.com,developer
737,Esmeralda,Hermes,Esmeralda.Hermes@yopmail.com,Esmeralda.Hermes@gmail.com,doctor
738,Priscilla,Avi,Priscilla.Avi@yopmail.com,Priscilla.Avi@gmail.com,doctor
739,Veda,Tound,Veda.Tound@yopmail.com,Veda.Tound@gmail.com,firefighter
740,Valera,Marlie,Valera.Marlie@yopmail.com,Valera.Marlie@gmail.com,developer
741,Gisela,Dom,Gisela.Dom@yopmail.com,Gisela.Dom@gmail.com,police officer
742,Nicoli,Carey,Nicoli.Carey@yopmail.com,Nicoli.Carey@gmail.com,worker
743,Philis,Durante,Philis.Durante@yopmail.com,Philis.Durante@gmail.com,worker
744,Shauna,Publia,Shauna.Publia@yopmail.com,Shauna.Publia@gmail.com,developer
745,Minne,Haerr,Minne.Haerr@yopmail.com,Minne.Haerr@gmail.com,worker
746,Rozele,Salvidor,Rozele.Salvidor@yopmail.com,Rozele.Salvidor@gmail.com,firefighter
747,Olwen,Norrie,Olwen.Norrie@yopmail.com,Olwen.Norrie@gmail.com,developer
748,Sidoney,Beebe,Sidoney.Beebe@yopmail.com,Sidoney.Beebe@gmail.com,firefighter
749,Livvyy,Wolfgram,Livvyy.Wolfgram@yopmail.com,Livvyy.Wolfgram@gmail.com,doctor
750,Tami,Audly,Tami.Audly@yopmail.com,Tami.Audly@gmail.com,worker
751,Tybie,Sandye,Tybie.Sandye@yopmail.com,Tybie.Sandye@gmail.com,doctor
752,Jolyn,Lipson,Jolyn.Lipson@yopmail.com,Jolyn.Lipson@gmail.com,police officer
753,Emma,Federica,Emma.Federica@yopmail.com,Emma.Federica@gmail.com,worker
754,Annecorinne,Euridice,Annecorinne.Euridice@yopmail.com,Annecorinne.Euridice@gmail.com,firefighter
755,Kate,Alisia,Kate.Alisia@yopmail.com,Kate.Alisia@gmail.com,firefighter
756,Sarette,Elo,Sarette.Elo@yopmail.com,Sarette.Elo@gmail.com,worker
757,Charmaine,Richers,Charmaine.Richers@yopmail.com,Charmaine.Richers@gmail.com,doctor
758,Dorice,McAdams,Dorice.McAdams@yopmail.com,Dorice.McAdams@gmail.com,firefighter
759,Clementine,Gilmour,Clementine.Gilmour@yopmail.com,Clementine.Gilmour@gmail.com,developer
760,Chickie,Kellby,Chickie.Kellby@yopmail.com,Chickie.Kellby@gmail.com,firefighter
761,Rhoda,Bettine,Rhoda.Bettine@yopmail.com,Rhoda.Bettine@gmail.com,doctor
762,Siana,Brandice,Siana.Brandice@yopmail.com,Siana.Brandice@gmail.com,police officer
763,Chickie,Leler,Chickie.Leler@yopmail.com,Chickie.Leler@gmail.com,firefighter
764,Caritta,Publia,Caritta.Publia@yopmail.com,Caritta.Publia@gmail.com,firefighter
765,Elise,Wilkinson,Elise.Wilkinson@yopmail.com,Elise.Wilkinson@gmail.com,firefighter
766,Katharina,Leopold,Katharina.Leopold@yopmail.com,Katharina.Leopold@gmail.com,firefighter
767,Moyna,Dielu,Moyna.Dielu@yopmail.com,Moyna.Dielu@gmail.com,police officer
768,Nananne,Orelee,Nananne.Orelee@yopmail.com,Nananne.Orelee@gmail.com,worker
769,Kial,Saree,Kial.Saree@yopmail.com,Kial.Saree@gmail.com,firefighter
770,Edee,Justinn,Edee.Justinn@yopmail.com,Edee.Justinn@gmail.com,police officer
771,Sybille,Nester,Sybille.Nester@yopmail.com,Sybille.Nester@gmail.com,firefighter
772,Alexine,Sheng,Alexine.Sheng@yopmail.com,Alexine.Sheng@gmail.com,worker
773,Emmey,Sikorski,Emmey.Sikorski@yopmail.com,Emmey.Sikorski@gmail.com,developer
774,Kirstin,Carri,Kirstin.Carri@yopmail.com,Kirstin.Carri@gmail.com,police officer
775,Tarra,Janith,Tarra.Janith@yopmail.com,Tarra.Janith@gmail.com,police officer
776,Dania,Tamsky,Dania.Tamsky@yopmail.com,Dania.Tamsky@gmail.com,doctor
777,Kirbee,Kress,Kirbee.Kress@yopmail.com,Kirbee.Kress@gmail.com,worker
778,Alameda,Ashely,Alameda.Ashely@yopmail.com,Alameda.Ashely@gmail.com,police officer
779,Livvyy,Garrison,Livvyy.Garrison@yopmail.com,Livvyy.Garrison@gmail.com,worker
780,Alameda,Dituri,Alameda.Dituri@yopmail.com,Alameda.Dituri@gmail.com,doctor
781,Sonni,Vins,Sonni.Vins@yopmail.com,Sonni.Vins@gmail.com,developer
782,Amii,Burkle,Amii.Burkle@yopmail.com,Amii.Burkle@gmail.com,police officer
783,Zaria,Boycey,Zaria.Boycey@yopmail.com,Zaria.Boycey@gmail.com,doctor
784,Nananne,Sasnett,Nananne.Sasnett@yopmail.com,Nananne.Sasnett@gmail.com,developer
785,Robbi,Dyche,Robbi.Dyche@yopmail.com,Robbi.Dyche@gmail.com,police officer
786,Lisette,Adamsen,Lisette.Adamsen@yopmail.com,Lisette.Adamsen@gmail.com,firefighter
787,Dode,Erskine,Dode.Erskine@yopmail.com,Dode.Erskine@gmail.com,worker
788,Chastity,Peg,Chastity.Peg@yopmail.com,Chastity.Peg@gmail.com,worker
789,Anthia,Gilmour,Anthia.Gilmour@yopmail.com,Anthia.Gilmour@gmail.com,doctor
790,Ida,Neils,Ida.Neils@yopmail.com,Ida.Neils@gmail.com,developer
791,Imojean,Khorma,Imojean.Khorma@yopmail.com,Imojean.Khorma@gmail.com,firefighter
792,Averyl,Bergman,Averyl.Bergman@yopmail.com,Averyl.Bergman@gmail.com,doctor
793,Berget,Billye,Berget.Billye@yopmail.com,Berget.Billye@gmail.com,firefighter
794,Lynnea,Jess,Lynnea.Jess@yopmail.com,Lynnea.Jess@gmail.com,worker
795,Andeee,Skell,Andeee.Skell@yopmail.com,Andeee.Skell@gmail.com,police officer
796,Ericka,Constancy,Ericka.Constancy@yopmail.com,Ericka.Constancy@gmail.com,doctor
797,Devina,Aida,Devina.Aida@yopmail.com,Devina.Aida@gmail.com,doctor
798,Mariele,Sisile,Mariele.Sisile@yopmail.com,Mariele.Sisile@gmail.com,police officer
799,Merry,Alrich,Merry.Alrich@yopmail.com,Merry.Alrich@gmail.com,worker
800,Alexine,Anastatius,Alexine.Anastatius@yopmail.com,Alexine.Anastatius@gmail.com,doctor
801,Kirbee,Imelida,Kirbee.Imelida@yopmail.com,Kirbee.Imelida@gmail.com,doctor
802,Alie,Shaddock,Alie.Shaddock@yopmail.com,Alie.Shaddock@gmail.com,police officer
803,Viki,Jacinda,Viki.Jacinda@yopmail.com,Viki.Jacinda@gmail.com,doctor
804,Wanda,Chandler,Wanda.Chandler@yopmail.com,Wanda.Chandler@gmail.com,developer
805,Letizia,Dimitris,Letizia.Dimitris@yopmail.com,Letizia.Dimitris@gmail.com,police officer
806,Aimil,Michella,Aimil.Michella@yopmail.com,Aimil.Michella@gmail.com,developer
807,Lusa,Tamar,Lusa.Tamar@yopmail.com,Lusa.Tamar@gmail.com,worker
808,Feliza,Susannah,Feliza.Susannah@yopmail.com,Feliza.Susannah@gmail.com,worker
809,Petronia,Reinke,Petronia.Reinke@yopmail.com,Petronia.Reinke@gmail.com,doctor
810,Jolyn,Lucienne,Jolyn.Lucienne@yopmail.com,Jolyn.Lucienne@gmail.com,firefighter
811,June,Herrera,June.Herrera@yopmail.com,June.Herrera@gmail.com,doctor
812,Harmonia,Kellby,Harmonia.Kellby@yopmail.com,Harmonia.Kellby@gmail.com,developer
813,Adelle,Fadiman,Adelle.Fadiman@yopmail.com,Adelle.Fadiman@gmail.com,firefighter
814,Joleen,Papageno,Joleen.Papageno@yopmail.com,Joleen.Papageno@gmail.com,firefighter
815,Sharai,Florina,Sharai.Florina@yopmail.com,Sharai.Florina@gmail.com,worker
816,Noelle,Alcott,Noelle.Alcott@yopmail.com,Noelle.Alcott@gmail.com,firefighter
817,Romona,Blase,Romona.Blase@yopmail.com,Romona.Blase@gmail.com,police officer
818,Emma,Ivens,Emma.Ivens@yopmail.com,Emma.Ivens@gmail.com,worker
819,Tani,McNully,Tani.McNully@yopmail.com,Tani.McNully@gmail.com,firefighter
820,Maurene,Gahl,Maurene.Gahl@yopmail.com,Maurene.Gahl@gmail.com,developer
821,Grier,Creamer,Grier.Creamer@yopmail.com,Grier.Creamer@gmail.com,police officer
822,Elmira,My,Elmira.My@yopmail.com,Elmira.My@gmail.com,firefighter
823,Marinna,An,Marinna.An@yopmail.com,Marinna.An@gmail.com,worker
824,Sherrie,Merat,Sherrie.Merat@yopmail.com,Sherrie.Merat@gmail.com,worker
825,Lita,Ciro,Lita.Ciro@yopmail.com,Lita.Ciro@gmail.com,firefighter
826,Lucy,Barney,Lucy.Barney@yopmail.com,Lucy.Barney@gmail.com,developer
827,Dagmar,Sidonius,Dagmar.Sidonius@yopmail.com,Dagmar.Sidonius@gmail.com,developer
828,Regina,Atcliffe,Regina.Atcliffe@yopmail.com,Regina.Atcliffe@gmail.com,doctor
829,Ofilia,Brian,Ofilia.Brian@yopmail.com,Ofilia.Brian@gmail.com,police officer
830,Judy,Bashemeth,Judy.Bashemeth@yopmail.com,Judy.Bashemeth@gmail.com,doctor
831,Sallie,Rad,Sallie.Rad@yopmail.com,Sallie.Rad@gmail.com,developer
832,Briney,Merell,Briney.Merell@yopmail.com,Briney.Merell@gmail.com,firefighter
833,Fina,Gabrielli,Fina.Gabrielli@yopmail.com,Fina.Gabrielli@gmail.com,worker
834,Tierney,Catie,Tierney.Catie@yopmail.com,Tierney.Catie@gmail.com,police officer
835,Mariann,Newell,Mariann.Newell@yopmail.com,Mariann.Newell@gmail.com,worker
836,Henriette,Cornelia,Henriette.Cornelia@yopmail.com,Henriette.Cornelia@gmail.com,developer
837,Nanete,Creamer,Nanete.Creamer@yopmail.com,Nanete.Creamer@gmail.com,worker
838,Paulita,Bertold,Paulita.Bertold@yopmail.com,Paulita.Bertold@gmail.com,worker
839,Letizia,Maurine,Letizia.Maurine@yopmail.com,Letizia.Maurine@gmail.com,police officer
840,Evita,Rosalba,Evita.Rosalba@yopmail.com,Evita.Rosalba@gmail.com,police officer
841,Hettie,Haerr,Hettie.Haerr@yopmail.com,Hettie.Haerr@gmail.com,developer
842,Devina,Hubert,Devina.Hubert@yopmail.com,Devina.Hubert@gmail.com,worker
843,Fayre,Medrek,Fayre.Medrek@yopmail.com,Fayre.Medrek@gmail.com,worker
844,Shannah,Garrison,Shannah.Garrison@yopmail.com,Shannah.Garrison@gmail.com,firefighter
845,Lolita,Elsinore,Lolita.Elsinore@yopmail.com,Lolita.Elsinore@gmail.com,police officer
846,Sadie,Sherfield,Sadie.Sherfield@yopmail.com,Sadie.Sherfield@gmail.com,firefighter
847,Adore,Chandler,Adore.Chandler@yopmail.com,Adore.Chandler@gmail.com,police officer
848,Nonnah,Dom,Nonnah.Dom@yopmail.com,Nonnah.Dom@gmail.com,police officer
849,Addia,Persse,Addia.Persse@yopmail.com,Addia.Persse@gmail.com,developer
850,Catrina,Miru,Catrina.Miru@yopmail.com,Catrina.Miru@gmail.com,firefighter
851,Alejandra,Konyn,Alejandra.Konyn@yopmail.com,Alejandra.Konyn@gmail.com,doctor
852,Eve,Earlie,Eve.Earlie@yopmail.com,Eve.Earlie@gmail.com,firefighter
853,Hyacinthe,Seagraves,Hyacinthe.Seagraves@yopmail.com,Hyacinthe.Seagraves@gmail.com,police officer
854,Selma,Strephon,Selma.Strephon@yopmail.com,Selma.Strephon@gmail.com,police officer
855,Madelle,Granoff,Madelle.Granoff@yopmail.com,Madelle.Granoff@gmail.com,firefighter
856,Taffy,Thunell,Taffy.Thunell@yopmail.com,Taffy.Thunell@gmail.com,firefighter
857,Stephanie,Oster,Stephanie.Oster@yopmail.com,Stephanie.Oster@gmail.com,firefighter
858,Magdalena,Faso,Magdalena.Faso@yopmail.com,Magdalena.Faso@gmail.com,developer
859,Giustina,Lea,Giustina.Lea@yopmail.com,Giustina.Lea@gmail.com,worker
860,Cindelyn,Michella,Cindelyn.Michella@yopmail.com,Cindelyn.Michella@gmail.com,firefighter
861,Teriann,Azeria,Teriann.Azeria@yopmail.com,Teriann.Azeria@gmail.com,police officer
862,Cristine,Wenda,Cristine.Wenda@yopmail.com,Cristine.Wenda@gmail.com,worker
863,Anallese,Maples,Anallese.Maples@yopmail.com,Anallese.Maples@gmail.com,police officer
864,Cassandra,Fink,Cassandra.Fink@yopmail.com,Cassandra.Fink@gmail.com,worker
865,Romona,Carleen,Romona.Carleen@yopmail.com,Romona.Carleen@gmail.com,worker
866,Lindie,Ellord,Lindie.Ellord@yopmail.com,Lindie.Ellord@gmail.com,developer
867,Kimmy,Tacye,Kimmy.Tacye@yopmail.com,Kimmy.Tacye@gmail.com,doctor
868,Inga,Tristram,Inga.Tristram@yopmail.com,Inga.Tristram@gmail.com,worker
869,Kayla,Shuler,Kayla.Shuler@yopmail.com,Kayla.Shuler@gmail.com,developer
870,Lonnie,Joni,Lonnie.Joni@yopmail.com,Lonnie.Joni@gmail.com,worker
871,Oona,Flyn,Oona.Flyn@yopmail.com,Oona.Flyn@gmail.com,worker
872,Shirlee,Hourigan,Shirlee.Hourigan@yopmail.com,Shirlee.Hourigan@gmail.com,doctor
873,Karolina,Merat,Karolina.Merat@yopmail.com,Karolina.Merat@gmail.com,developer
874,Maye,Odell,Maye.Odell@yopmail.com,Maye.Odell@gmail.com,police officer
875,Lanna,Birdella,Lanna.Birdella@yopmail.com,Lanna.Birdella@gmail.com,firefighter
876,Paola,McCutcheon,Paola.McCutcheon@yopmail.com,Paola.McCutcheon@gmail.com,firefighter
877,Estell,Berriman,Estell.Berriman@yopmail.com,Estell.Berriman@gmail.com,firefighter
878,Blake,Milde,Blake.Milde@yopmail.com,Blake.Milde@gmail.com,police officer
879,Joelly,Tristram,Joelly.Tristram@yopmail.com,Joelly.Tristram@gmail.com,doctor
880,Berget,Gregrory,Berget.Gregrory@yopmail.com,Berget.Gregrory@gmail.com,worker
881,Aeriela,Noam,Aeriela.Noam@yopmail.com,Aeriela.Noam@gmail.com,police officer
882,Olivette,Pozzy,Olivette.Pozzy@yopmail.com,Olivette.Pozzy@gmail.com,worker
883,Olivette,Dawkins,Olivette.Dawkins@yopmail.com,Olivette.Dawkins@gmail.com,firefighter
884,Gretal,Chesna,Gretal.Chesna@yopmail.com,Gretal.Chesna@gmail.com,developer
885,Tressa,Scammon,Tressa.Scammon@yopmail.com,Tressa.Scammon@gmail.com,doctor
886,Violet,Trace,Violet.Trace@yopmail.com,Violet.Trace@gmail.com,doctor
887,Nadine,Sibyls,Nadine.Sibyls@yopmail.com,Nadine.Sibyls@gmail.com,doctor
888,Cyndie,Bobbee,Cyndie.Bobbee@yopmail.com,Cyndie.Bobbee@gmail.com,firefighter
889,Meriel,Stover,Meriel.Stover@yopmail.com,Meriel.Stover@gmail.com,doctor
890,Candi,Janith,Candi.Janith@yopmail.com,Candi.Janith@gmail.com,firefighter
891,Collen,Pascia,Collen.Pascia@yopmail.com,Collen.Pascia@gmail.com,firefighter
892,Jessamyn,Kelula,Jessamyn.Kelula@yopmail.com,Jessamyn.Kelula@gmail.com,developer
893,Talya,Michella,Talya.Michella@yopmail.com,Talya.Michella@gmail.com,worker
894,Bobbi,Camden,Bobbi.Camden@yopmail.com,Bobbi.Camden@gmail.com,worker
895,Nanete,Hepsibah,Nanete.Hepsibah@yopmail.com,Nanete.Hepsibah@gmail.com,worker
896,Siana,Concha,Siana.Concha@yopmail.com,Siana.Concha@gmail.com,firefighter
897,Brianna,Macey,Brianna.Macey@yopmail.com,Brianna.Macey@gmail.com,doctor
898,Alejandra,Wittie,Alejandra.Wittie@yopmail.com,Alejandra.Wittie@gmail.com,doctor
899,Hermione,Billye,Hermione.Billye@yopmail.com,Hermione.Billye@gmail.com,doctor
900,Nannie,Ledah,Nannie.Ledah@yopmail.com,Nannie.Ledah@gmail.com,police officer
901,Cathie,Bergman,Cathie.Bergman@yopmail.com,Cathie.Bergman@gmail.com,police officer
902,Ebonee,Toffic,Ebonee.Toffic@yopmail.com,Ebonee.Toffic@gmail.com,developer
903,Ann-Marie,Hartnett,Ann-Marie.Hartnett@yopmail.com,Ann-Marie.Hartnett@gmail.com,doctor
904,Michaelina,McCutcheon,Michaelina.McCutcheon@yopmail.com,Michaelina.McCutcheon@gmail.com,police officer
905,Lorie,Toffic,Lorie.Toffic@yopmail.com,Lorie.Toffic@gmail.com,worker
906,Jan,Velick,Jan.Velick@yopmail.com,Jan.Velick@gmail.com,developer
907,Aubrie,Diogenes,Aubrie.Diogenes@yopmail.com,Aubrie.Diogenes@gmail.com,doctor
908,Phylis,Nikaniki,Phylis.Nikaniki@yopmail.com,Phylis.Nikaniki@gmail.com,firefighter
909,Yvonne,Jefferey,Yvonne.Jefferey@yopmail.com,Yvonne.Jefferey@gmail.com,firefighter
910,Celene,Huggins,Celene.Huggins@yopmail.com,Celene.Huggins@gmail.com,firefighter
911,Bibby,Phaidra,Bibby.Phaidra@yopmail.com,Bibby.Phaidra@gmail.com,firefighter
912,Arlena,Crudden,Arlena.Crudden@yopmail.com,Arlena.Crudden@gmail.com,police officer
913,Alexine,Eachern,Alexine.Eachern@yopmail.com,Alexine.Eachern@gmail.com,developer
914,Maurene,Wolfgram,Maurene.Wolfgram@yopmail.com,Maurene.Wolfgram@gmail.com,worker
915,Malina,Fairweather,Malina.Fairweather@yopmail.com,Malina.Fairweather@gmail.com,doctor
916,Lynde,Minetta,Lynde.Minetta@yopmail.com,Lynde.Minetta@gmail.com,police officer
917,Brena,Dom,Brena.Dom@yopmail.com,Brena.Dom@gmail.com,developer
918,Suzette,Gaspard,Suzette.Gaspard@yopmail.com,Suzette.Gaspard@gmail.com,police officer
919,Carol-Jean,Vary,Carol-Jean.Vary@yopmail.com,Carol-Jean.Vary@gmail.com,police officer
920,Mahalia,Truc,Mahalia.Truc@yopmail.com,Mahalia.Truc@gmail.com,firefighter
921,Anica,Sherrie,Anica.Sherrie@yopmail.com,Anica.Sherrie@gmail.com,firefighter
922,Tierney,Forrer,Tierney.Forrer@yopmail.com,Tierney.Forrer@gmail.com,worker
923,Emmey,Lissi,Emmey.Lissi@yopmail.com,Emmey.Lissi@gmail.com,firefighter
924,Aubrie,Chrystel,Aubrie.Chrystel@yopmail.com,Aubrie.Chrystel@gmail.com,doctor
925,Latisha,Lowry,Latisha.Lowry@yopmail.com,Latisha.Lowry@gmail.com,worker
926,Madeleine,Dahlia,Madeleine.Dahlia@yopmail.com,Madeleine.Dahlia@gmail.com,firefighter
927,Maurene,Lorenz,Maurene.Lorenz@yopmail.com,Maurene.Lorenz@gmail.com,firefighter
928,Vevay,Darrell,Vevay.Darrell@yopmail.com,Vevay.Darrell@gmail.com,doctor
929,Ezmeralda,Ader,Ezmeralda.Ader@yopmail.com,Ezmeralda.Ader@gmail.com,firefighter
930,Bobinette,Mata,Bobinette.Mata@yopmail.com,Bobinette.Mata@gmail.com,firefighter
931,Tressa,Phaidra,Tressa.Phaidra@yopmail.com,Tressa.Phaidra@gmail.com,police officer
932,Nonnah,Tayib,Nonnah.Tayib@yopmail.com,Nonnah.Tayib@gmail.com,developer
933,Dorene,Loeb,Dorene.Loeb@yopmail.com,Dorene.Loeb@gmail.com,firefighter
934,Bobinette,Tamsky,Bobinette.Tamsky@yopmail.com,Bobinette.Tamsky@gmail.com,firefighter
935,Gerrie,Kannry,Gerrie.Kannry@yopmail.com,Gerrie.Kannry@gmail.com,doctor
936,Daryl,Khorma,Daryl.Khorma@yopmail.com,Daryl.Khorma@gmail.com,doctor
937,Livvyy,Tyson,Livvyy.Tyson@yopmail.com,Livvyy.Tyson@gmail.com,doctor
938,Estell,Thad,Estell.Thad@yopmail.com,Estell.Thad@gmail.com,police officer
939,Libbie,O'Neill,Libbie.O'Neill@yopmail.com,Libbie.O'Neill@gmail.com,developer
940,Miquela,Sekofski,Miquela.Sekofski@yopmail.com,Miquela.Sekofski@gmail.com,worker
941,Lory,Jobi,Lory.Jobi@yopmail.com,Lory.Jobi@gmail.com,developer
942,Stacey,Constancy,Stacey.Constancy@yopmail.com,Stacey.Constancy@gmail.com,doctor
943,Sophia,Wallis,Sophia.Wallis@yopmail.com,Sophia.Wallis@gmail.com,developer
944,Neila,Ajay,Neila.Ajay@yopmail.com,Neila.Ajay@gmail.com,developer
945,Laurene,Hanleigh,Laurene.Hanleigh@yopmail.com,Laurene.Hanleigh@gmail.com,police officer
946,Mathilda,Guildroy,Mathilda.Guildroy@yopmail.com,Mathilda.Guildroy@gmail.com,developer
947,Corry,Creamer,Corry.Creamer@yopmail.com,Corry.Creamer@gmail.com,doctor
948,Alyda,Kellby,Alyda.Kellby@yopmail.com,Alyda.Kellby@gmail.com,police officer
949,Sidoney,Karylin,Sidoney.Karylin@yopmail.com,Sidoney.Karylin@gmail.com,firefighter
950,Linet,Oster,Linet.Oster@yopmail.com,Linet.Oster@gmail.com,worker
951,Lila,Amand,Lila.Amand@yopmail.com,Lila.Amand@gmail.com,doctor
952,Mamie,Skell,Mamie.Skell@yopmail.com,Mamie.Skell@gmail.com,firefighter
953,Roseline,Harday,Roseline.Harday@yopmail.com,Roseline.Harday@gmail.com,police officer
954,Sophia,Gusella,Sophia.Gusella@yopmail.com,Sophia.Gusella@gmail.com,developer
955,Jemie,Chauncey,Jemie.Chauncey@yopmail.com,Jemie.Chauncey@gmail.com,worker
956,Karolina,Carey,Karolina.Carey@yopmail.com,Karolina.Carey@gmail.com,firefighter
957,Eve,Maisey,Eve.Maisey@yopmail.com,Eve.Maisey@gmail.com,developer
958,Lanae,Vacuva,Lanae.Vacuva@yopmail.com,Lanae.Vacuva@gmail.com,developer
959,Alameda,Mandler,Alameda.Mandler@yopmail.com,Alameda.Mandler@gmail.com,worker
960,Ana,Blake,Ana.Blake@yopmail.com,Ana.Blake@gmail.com,worker
961,Kirstin,Maribeth,Kirstin.Maribeth@yopmail.com,Kirstin.Maribeth@gmail.com,doctor
962,Tomasina,Cloris,Tomasina.Cloris@yopmail.com,Tomasina.Cloris@gmail.com,doctor
963,Glynnis,Bevin,Glynnis.Bevin@yopmail.com,Glynnis.Bevin@gmail.com,worker
964,Madelle,Muriel,Madelle.Muriel@yopmail.com,Madelle.Muriel@gmail.com,worker
965,Ada,Selway,Ada.Selway@yopmail.com,Ada.Selway@gmail.com,worker
966,Britni,Ortrude,Britni.Ortrude@yopmail.com,Britni.Ortrude@gmail.com,doctor
967,Lorie,Palocz,Lorie.Palocz@yopmail.com,Lorie.Palocz@gmail.com,firefighter
968,Alameda,Joeann,Alameda.Joeann@yopmail.com,Alameda.Joeann@gmail.com,doctor
969,Beth,Moseley,Beth.Moseley@yopmail.com,Beth.Moseley@gmail.com,doctor
970,Blake,Bollay,Blake.Bollay@yopmail.com,Blake.Bollay@gmail.com,doctor
971,Lauryn,Noelyn,Lauryn.Noelyn@yopmail.com,Lauryn.Noelyn@gmail.com,developer
972,Frieda,Elephus,Frieda.Elephus@yopmail.com,Frieda.Elephus@gmail.com,doctor
973,Magdalena,Chesna,Magdalena.Chesna@yopmail.com,Magdalena.Chesna@gmail.com,firefighter
974,Donetta,Germann,Donetta.Germann@yopmail.com,Donetta.Germann@gmail.com,doctor
975,Fredericka,Ruvolo,Fredericka.Ruvolo@yopmail.com,Fredericka.Ruvolo@gmail.com,developer
976,Delilah,Kosey,Delilah.Kosey@yopmail.com,Delilah.Kosey@gmail.com,doctor
977,Paola,Koehler,Paola.Koehler@yopmail.com,Paola.Koehler@gmail.com,police officer
978,Mara,Pearse,Mara.Pearse@yopmail.com,Mara.Pearse@gmail.com,developer
979,Dorthy,Ackerley,Dorthy.Ackerley@yopmail.com,Dorthy.Ackerley@gmail.com,police officer
980,Iseabal,Zetta,Iseabal.Zetta@yopmail.com,Iseabal.Zetta@gmail.com,developer
981,Cacilie,Serilda,Cacilie.Serilda@yopmail.com,Cacilie.Serilda@gmail.com,firefighter
982,Steffane,Erskine,Steffane.Erskine@yopmail.com,Steffane.Erskine@gmail.com,doctor
983,Alameda,Fillbert,Alameda.Fillbert@yopmail.com,Alameda.Fillbert@gmail.com,police officer
984,Jessamyn,LaRue,Jessamyn.LaRue@yopmail.com,Jessamyn.LaRue@gmail.com,firefighter
985,Lucy,Infield,Lucy.Infield@yopmail.com,Lucy.Infield@gmail.com,worker
986,Aili,Shuler,Aili.Shuler@yopmail.com,Aili.Shuler@gmail.com,police officer
987,Arabel,Selway,Arabel.Selway@yopmail.com,Arabel.Selway@gmail.com,doctor
988,Giustina,Ogren,Giustina.Ogren@yopmail.com,Giustina.Ogren@gmail.com,worker
989,Correy,Barney,Correy.Barney@yopmail.com,Correy.Barney@gmail.com,firefighter
990,Feliza,Willie,Feliza.Willie@yopmail.com,Feliza.Willie@gmail.com,police officer
991,Ginnie,Montgomery,Ginnie.Montgomery@yopmail.com,Ginnie.Montgomery@gmail.com,doctor
992,Dyann,Halsey,Dyann.Halsey@yopmail.com,Dyann.Halsey@gmail.com,firefighter
993,Jennica,Arvo,Jennica.Arvo@yopmail.com,Jennica.Arvo@gmail.com,worker
994,Hannis,Reneta,Hannis.Reneta@yopmail.com,Hannis.Reneta@gmail.com,worker
995,Inga,Rodmann,Inga.Rodmann@yopmail.com,Inga.Rodmann@gmail.com,police officer
996,Sheelagh,Ackerley,Sheelagh.Ackerley@yopmail.com,Sheelagh.Ackerley@gmail.com,firefighter
997,Jaclyn,Calhoun,Jaclyn.Calhoun@yopmail.com,Jaclyn.Calhoun@gmail.com,police officer
998,Alie,Remmer,Alie.Remmer@yopmail.com,Alie.Remmer@gmail.com,worker
999,Fina,Hepsibah,Fina.Hepsibah@yopmail.com,Fina.Hepsibah@gmail.com,worker
1000,Amalie,Boehike,Amalie.Boehike@yopmail.com,Amalie.Boehike@gmail.com,firefighter
1001,Jenilee,Destinee,Jenilee.Destinee@yopmail.com,Jenilee.Destinee@gmail.com,police officer
1002,Dale,Chick,Dale.Chick@yopmail.com,Dale.Chick@gmail.com,developer
1003,Danny,Robertson,Danny.Robertson@yopmail.com,Danny.Robertson@gmail.com,doctor
1004,Kathy,Buffum,Kathy.Buffum@yopmail.com,Kathy.Buffum@gmail.com,developer
1005,Kirbee,Zola,Kirbee.Zola@yopmail.com,Kirbee.Zola@gmail.com,doctor
1006,Carol-Jean,Cleo,Carol-Jean.Cleo@yopmail.com,Carol-Jean.Cleo@gmail.com,doctor
1007,Molli,Doig,Molli.Doig@yopmail.com,Molli.Doig@gmail.com,police officer
1008,Kerrin,Saint,Kerrin.Saint@yopmail.com,Kerrin.Saint@gmail.com,doctor
1009,Elise,Erminia,Elise.Erminia@yopmail.com,Elise.Erminia@gmail.com,firefighter
1010,Gerrie,LaRue,Gerrie.LaRue@yopmail.com,Gerrie.LaRue@gmail.com,firefighter
1011,Sharai,Havens,Sharai.Havens@yopmail.com,Sharai.Havens@gmail.com,worker
1012,Eadie,Telfer,Eadie.Telfer@yopmail.com,Eadie.Telfer@gmail.com,developer
1013,Shel,An,Shel.An@yopmail.com,Shel.An@gmail.com,police officer
1014,Jolyn,Dominy,Jolyn.Dominy@yopmail.com,Jolyn.Dominy@gmail.com,doctor
1015,Rhoda,Center,Rhoda.Center@yopmail.com,Rhoda.Center@gmail.com,firefighter
1016,Joleen,Llovera,Joleen.Llovera@yopmail.com,Joleen.Llovera@gmail.com,police officer
1017,Catrina,Phi,Catrina.Phi@yopmail.com,Catrina.Phi@gmail.com,police officer
1018,Renae,Eno,Renae.Eno@yopmail.com,Renae.Eno@gmail.com,developer
1019,Raina,Linskey,Raina.Linskey@yopmail.com,Raina.Linskey@gmail.com,developer
1020,Sarette,Zetta,Sarette.Zetta@yopmail.com,Sarette.Zetta@gmail.com,doctor
1021,Emmey,Lane,Emmey.Lane@yopmail.com,Emmey.Lane@gmail.com,firefighter
1022,Deirdre,Flita,Deirdre.Flita@yopmail.com,Deirdre.Flita@gmail.com,doctor
1023,Jsandye,Modie,Jsandye.Modie@yopmail.com,Jsandye.Modie@gmail.com,developer
1024,Lindie,Hedve,Lindie.Hedve@yopmail.com,Lindie.Hedve@gmail.com,worker
1025,Lucy,Shields,Lucy.Shields@yopmail.com,Lucy.Shields@gmail.com,worker
1026,Mireielle,Han,Mireielle.Han@yopmail.com,Mireielle.Han@gmail.com,doctor
1027,Lorenza,Fleeta,Lorenza.Fleeta@yopmail.com,Lorenza.Fleeta@gmail.com,worker
1028,Giustina,Chem,Giustina.Chem@yopmail.com,Giustina.Chem@gmail.com,doctor
1029,Katleen,Rheingold,Katleen.Rheingold@yopmail.com,Katleen.Rheingold@gmail.com,worker
1030,Sonni,Phaidra,Sonni.Phaidra@yopmail.com,Sonni.Phaidra@gmail.com,police officer
1031,Maye,Bivins,Maye.Bivins@yopmail.com,Maye.Bivins@gmail.com,worker
1032,Gui,Baptlsta,Gui.Baptlsta@yopmail.com,Gui.Baptlsta@gmail.com,doctor
1033,Ariela,Stephie,Ariela.Stephie@yopmail.com,Ariela.Stephie@gmail.com,developer
1034,Claresta,Jethro,Claresta.Jethro@yopmail.com,Claresta.Jethro@gmail.com,developer
1035,Tonia,Orelee,Tonia.Orelee@yopmail.com,Tonia.Orelee@gmail.com,police officer
1036,Viviene,Trey,Viviene.Trey@yopmail.com,Viviene.Trey@gmail.com,worker
1037,Ardeen,Carolin,Ardeen.Carolin@yopmail.com,Ardeen.Carolin@gmail.com,firefighter
1038,Courtnay,McNully,Courtnay.McNully@yopmail.com,Courtnay.McNully@gmail.com,police officer
1039,Camile,Dulciana,Camile.Dulciana@yopmail.com,Camile.Dulciana@gmail.com,firefighter
1040,Rozele,Elephus,Rozele.Elephus@yopmail.com,Rozele.Elephus@gmail.com,worker
1041,Nikki,Bronk,Nikki.Bronk@yopmail.com,Nikki.Bronk@gmail.com,firefighter
1042,Mildrid,Chobot,Mildrid.Chobot@yopmail.com,Mildrid.Chobot@gmail.com,firefighter
1043,Sabina,Loring,Sabina.Loring@yopmail.com,Sabina.Loring@gmail.com,developer
1044,Lanae,Delp,Lanae.Delp@yopmail.com,Lanae.Delp@gmail.com,doctor
1045,Patricia,Noelyn,Patricia.Noelyn@yopmail.com,Patricia.Noelyn@gmail.com,firefighter
1046,Millie,Jammal,Millie.Jammal@yopmail.com,Millie.Jammal@gmail.com,worker
1047,Edee,Bari,Edee.Bari@yopmail.com,Edee.Bari@gmail.com,developer
1048,Marcy,Annice,Marcy.Annice@yopmail.com,Marcy.Annice@gmail.com,doctor
1049,Beatriz,Urias,Beatriz.Urias@yopmail.com,Beatriz.Urias@gmail.com,worker
1050,Maud,Heisel,Maud.Heisel@yopmail.com,Maud.Heisel@gmail.com,doctor
1051,Deirdre,Stephie,Deirdre.Stephie@yopmail.com,Deirdre.Stephie@gmail.com,police officer
1052,Aimil,Chabot,Aimil.Chabot@yopmail.com,Aimil.Chabot@gmail.com,doctor
1053,Sara-Ann,Tillford,Sara-Ann.Tillford@yopmail.com,Sara-Ann.Tillford@gmail.com,developer
1054,Rosabelle,Nester,Rosabelle.Nester@yopmail.com,Rosabelle.Nester@gmail.com,firefighter
1055,Kenna,Katrine,Kenna.Katrine@yopmail.com,Kenna.Katrine@gmail.com,doctor
1056,Nickie,Quinn,Nickie.Quinn@yopmail.com,Nickie.Quinn@gmail.com,developer
1057,Amalie,Kannry,Amalie.Kannry@yopmail.com,Amalie.Kannry@gmail.com,doctor
1058,Genovera,Dosia,Genovera.Dosia@yopmail.com,Genovera.Dosia@gmail.com,police officer
1059,Albertina,Federica,Albertina.Federica@yopmail.com,Albertina.Federica@gmail.com,police officer
1060,Etta,Llovera,Etta.Llovera@yopmail.com,Etta.Llovera@gmail.com,police officer
1061,Dorthy,Brunell,Dorthy.Brunell@yopmail.com,Dorthy.Brunell@gmail.com,police officer
1062,Norine,Fillbert,Norine.Fillbert@yopmail.com,Norine.Fillbert@gmail.com,doctor
1063,Selia,Sperling,Selia.Sperling@yopmail.com,Selia.Sperling@gmail.com,police officer
1064,Roz,Kauppi,Roz.Kauppi@yopmail.com,Roz.Kauppi@gmail.com,doctor
1065,Annecorinne,Alisia,Annecorinne.Alisia@yopmail.com,Annecorinne.Alisia@gmail.com,worker
1066,Evita,Bord,Evita.Bord@yopmail.com,Evita.Bord@gmail.com,developer
1067,Jackie,Minetta,Jackie.Minetta@yopmail.com,Jackie.Minetta@gmail.com,developer
1068,Brietta,Bakerman,Brietta.Bakerman@yopmail.com,Brietta.Bakerman@gmail.com,worker
1069,Elfreda,Delp,Elfreda.Delp@yopmail.com,Elfreda.Delp@gmail.com,worker
1070,Hettie,Germann,Hettie.Germann@yopmail.com,Hettie.Germann@gmail.com,worker
1071,Marti,Urania,Marti.Urania@yopmail.com,Marti.Urania@gmail.com,developer
1072,Ezmeralda,Raffo,Ezmeralda.Raffo@yopmail.com,Ezmeralda.Raffo@gmail.com,worker
1073,Olwen,My,Olwen.My@yopmail.com,Olwen.My@gmail.com,doctor
1074,Lesly,Cleavland,Lesly.Cleavland@yopmail.com,Lesly.Cleavland@gmail.com,developer
1075,Sophia,Agle,Sophia.Agle@yopmail.com,Sophia.Agle@gmail.com,developer
1076,Brana,Oriana,Brana.Oriana@yopmail.com,Brana.Oriana@gmail.com,police officer
1077,Lorne,Glovsky,Lorne.Glovsky@yopmail.com,Lorne.Glovsky@gmail.com,doctor
1078,Yolane,Dichy,Yolane.Dichy@yopmail.com,Yolane.Dichy@gmail.com,developer
1079,Tracey,Claudine,Tracey.Claudine@yopmail.com,Tracey.Claudine@gmail.com,firefighter
1080,Zaria,Oscar,Zaria.Oscar@yopmail.com,Zaria.Oscar@gmail.com,firefighter
1081,Gale,Bertold,Gale.Bertold@yopmail.com,Gale.Bertold@gmail.com,police officer
1082,Ira,Publia,Ira.Publia@yopmail.com,Ira.Publia@gmail.com,police officer
1083,Averyl,Suzetta,Averyl.Suzetta@yopmail.com,Averyl.Suzetta@gmail.com,police officer
1084,Doro,Romelda,Doro.Romelda@yopmail.com,Doro.Romelda@gmail.com,doctor
1085,Clarice,Jarib,Clarice.Jarib@yopmail.com,Clarice.Jarib@gmail.com,developer
1086,Jennica,Belldas,Jennica.Belldas@yopmail.com,Jennica.Belldas@gmail.com,worker
1087,Allyce,Turne,Allyce.Turne@yopmail.com,Allyce.Turne@gmail.com,developer
1088,Delilah,Horan,Delilah.Horan@yopmail.com,Delilah.Horan@gmail.com,firefighter
1089,Alia,Brotherson,Alia.Brotherson@yopmail.com,Alia.Brotherson@gmail.com,developer
1090,Jacenta,Magdalen,Jacenta.Magdalen@yopmail.com,Jacenta.Magdalen@gmail.com,developer
1091,Claudina,Callista,Claudina.Callista@yopmail.com,Claudina.Callista@gmail.com,worker
1092,Charissa,Marden,Charissa.Marden@yopmail.com,Charissa.Marden@gmail.com,police officer
1093,Loree,Desai,Loree.Desai@yopmail.com,Loree.Desai@gmail.com,police officer
1094,Lily,Berard,Lily.Berard@yopmail.com,Lily.Berard@gmail.com,firefighter
1095,Brana,Marden,Brana.Marden@yopmail.com,Brana.Marden@gmail.com,doctor
1096,Aigneis,Juliet,Aigneis.Juliet@yopmail.com,Aigneis.Juliet@gmail.com,firefighter
1097,Lily,Zaslow,Lily.Zaslow@yopmail.com,Lily.Zaslow@gmail.com,developer
1098,Sheree,Henebry,Sheree.Henebry@yopmail.com,Sheree.Henebry@gmail.com,doctor
1099,Ninnetta,Engdahl,Ninnetta.Engdahl@yopmail.com,Ninnetta.Engdahl@gmail.com,police officer